#
# There is insufficient memory for the Java Runtime Environment to continue.
# Native memory allocation (mmap) failed to map 65536 bytes. Error detail: committing reserved memory.
# Possible reasons:
#   The system is out of physical RAM or swap space
#   This process is running with CompressedOops enabled, and the Java Heap may be blocking the growth of the native heap
# Possible solutions:
#   Reduce memory load on the system
#   Increase physical memory or swap space
#   Check if swap backing store is full
#   Decrease Java heap size (-Xmx/-Xms)
#   Decrease number of Java threads
#   Decrease Java thread stack sizes (-Xss)
#   Set larger code cache with -XX:ReservedCodeCacheSize=
#   JVM is running with Zero Based Compressed Oops mode in which the Java heap is
#     placed in the first 32GB address space. The Java Heap base address is the
#     maximum limit for the native heap growth. Please use -XX:HeapBaseMinAddress
#     to set the Java Heap base and to place the Java Heap above 32GB virtual address.
# This output file may be truncated or incomplete.
#
#  Out of Memory Error (os_linux.cpp:2832), pid=1358, tid=1393
#
# JRE version: OpenJDK Runtime Environment (17.0.16+8) (build 17.0.16+8-Debian-1deb12u1)
# Java VM: OpenJDK 64-Bit Server VM (17.0.16+8-Debian-1deb12u1, mixed mode, sharing, tiered, compressed oops, compressed class ptrs, parallel gc, linux-amd64)
# No core dump will be written. Core dumps have been disabled. To enable core dumping, try "ulimit -c unlimited" before starting Java again
#

---------------  S U M M A R Y ------------

Command Line: -XX:+UseParallelGC --add-opens=java.base/java.util=ALL-UNNAMED --add-opens=java.base/java.lang=ALL-UNNAMED --add-opens=java.base/java.lang.invoke=ALL-UNNAMED --add-opens=java.prefs/java.util.prefs=ALL-UNNAMED --add-opens=java.base/java.nio.charset=ALL-UNNAMED --add-opens=java.base/java.net=ALL-UNNAMED --add-opens=java.base/java.util.concurrent.atomic=ALL-UNNAMED -Xmx4096m -Dfile.encoding=UTF-8 -Duser.country -Duser.language=en -Duser.variant -javaagent:/root/.gradle/wrapper/dists/gradle-8.8-bin/dl7vupf4psengwqhwktix4v1/gradle-8.8/lib/agents/gradle-instrumentation-agent-8.8.jar org.gradle.launcher.daemon.bootstrap.GradleDaemon 8.8

Host: Intel(R) Xeon(R) Processor @ 2.50GHz, 2 cores, 1G, Debian GNU/Linux 12 (bookworm)
Time: Sat Aug  8 02:36:15 2026 UTC elapsed time: 101.003333 seconds (0d 0h 1m 41s)

---------------  T H R E A D  ---------------

Current thread (0x00007fc74c00bdb0):  JavaThread "Daemon worker" [_thread_in_vm, id=1393, stack(0x00007fc776f00000,0x00007fc777000000)]

Stack: [0x00007fc776f00000,0x00007fc777000000],  sp=0x00007fc776ff38d0,  free space=974k
Native frames: (J=compiled Java code, j=interpreted, Vv=VM code, C=native code)
V  [libjvm.so+0xf21441]  VMError::report_and_die(int, char const*, char const*, __va_list_tag*, Thread*, unsigned char*, void*, void*, char const*, int, unsigned long)+0x171
V  [libjvm.so+0xf21fad]  VMError::report_and_die(Thread*, char const*, int, unsigned long, VMErrorType, char const*, __va_list_tag*)+0x2d
V  [libjvm.so+0x602fcc]  report_vm_out_of_memory(char const*, int, unsigned long, VMErrorType, char const*, ...)+0xdc
V  [libjvm.so+0xc29420]  os::pd_commit_memory(char*, unsigned long, bool)+0xc0
V  [libjvm.so+0xc237bd]  os::commit_memory(char*, unsigned long, bool)+0x1d
V  [libjvm.so+0xf187b5]  metaspace::VirtualSpaceNode::commit_range(MetaWordImpl**, unsigned long)+0x135
V  [libjvm.so+0xba2af7]  metaspace::Metachunk::ensure_committed_locked(unsigned long)+0xb7
V  [libjvm.so+0x53b993]  metaspace::ChunkManager::get_chunk(signed char, signed char, unsigned long)+0x173
V  [libjvm.so+0xba5f13]  metaspace::MetaspaceArena::allocate(unsigned long)+0x263
V  [libjvm.so+0xba5168]  Metaspace::allocate(ClassLoaderData*, unsigned long, MetaspaceObj::Type, JavaThread*)+0x48
V  [libjvm.so+0x5f1a25]  ConstMethod::allocate(ClassLoaderData*, int, InlineTableSizes*, ConstMethod::MethodType, JavaThread*)+0xb5
V  [libjvm.so+0xbb2d28]  Method::allocate(ClassLoaderData*, int, AccessFlags, InlineTableSizes*, ConstMethod::MethodType, JavaThread*)+0x28
V  [libjvm.so+0x576753]  ClassFileParser::parse_method(ClassFileStream const*, bool, ConstantPool const*, AccessFlags*, JavaThread*)+0x16d3
V  [libjvm.so+0x5775e8]  ClassFileParser::parse_methods(ClassFileStream const*, bool, AccessFlags*, bool*, bool*, JavaThread*)+0x158
V  [libjvm.so+0x579f30]  ClassFileParser::parse_stream(ClassFileStream const*, JavaThread*)+0x740
V  [libjvm.so+0x57ab1a]  ClassFileParser::ClassFileParser(ClassFileStream*, Symbol*, ClassLoaderData*, ClassLoadInfo const*, ClassFileParser::Publicity, JavaThread*)+0x1aa
V  [libjvm.so+0xa60094]  KlassFactory::create_from_stream(ClassFileStream*, Symbol*, ClassLoaderData*, ClassLoadInfo const&, JavaThread*)+0x254
V  [libjvm.so+0xe54ba0]  SystemDictionary::resolve_class_from_stream(ClassFileStream*, Symbol*, Handle, ClassLoadInfo const&, JavaThread*)+0x140
V  [libjvm.so+0x906ba1]  jvm_define_class_common(char const*, _jobject*, signed char const*, int, _jobject*, char const*, JavaThread*)+0x241
V  [libjvm.so+0x906e84]  JVM_DefineClassWithSource+0xa4
C  [libjava.so+0xd553]  Java_java_lang_ClassLoader_defineClass1+0x133
J 624  java.lang.ClassLoader.defineClass1(Ljava/lang/ClassLoader;Ljava/lang/String;[BIILjava/security/ProtectionDomain;Ljava/lang/String;)Ljava/lang/Class; java.base@17.0.16 (0 bytes) @ 0x00007fc7d1048ad5 [0x00007fc7d10489a0+0x0000000000000135]
J 7303 c1 java.lang.ClassLoader.defineClass(Ljava/lang/String;[BIILjava/security/ProtectionDomain;)Ljava/lang/Class; java.base@17.0.16 (43 bytes) @ 0x00007fc7c9feff4c [0x00007fc7c9fefc00+0x000000000000034c]
J 6921 c2 java.security.SecureClassLoader.defineClass(Ljava/lang/String;[BIILjava/security/CodeSource;)Ljava/lang/Class; java.base@17.0.16 (16 bytes) @ 0x00007fc7d14be194 [0x00007fc7d14be040+0x0000000000000154]
J 3378 c1 java.net.URLClassLoader.defineClass(Ljava/lang/String;Ljdk/internal/loader/Resource;)Ljava/lang/Class; java.base@17.0.16 (224 bytes) @ 0x00007fc7c9bb9c8c [0x00007fc7c9bb8620+0x000000000000166c]
J 3383 c1 java.net.URLClassLoader$1.run()Ljava/lang/Class; java.base@17.0.16 (81 bytes) @ 0x00007fc7c9bbc114 [0x00007fc7c9bbbe40+0x00000000000002d4]
J 7289 c1 java.net.URLClassLoader$1.run()Ljava/lang/Object; java.base@17.0.16 (5 bytes) @ 0x00007fc7c9feabb4 [0x00007fc7c9feab40+0x0000000000000074]
J 6358 c2 java.net.URLClassLoader.findClass(Ljava/lang/String;)Ljava/lang/Class; java.base@17.0.16 (47 bytes) @ 0x00007fc7d145cacc [0x00007fc7d145ca00+0x00000000000000cc]
J 7288 c1 java.lang.ClassLoader.loadClass(Ljava/lang/String;Z)Ljava/lang/Class; java.base@17.0.16 (121 bytes) @ 0x00007fc7c9fe9c3c [0x00007fc7c9fe96c0+0x000000000000057c]
J 6332 c2 java.lang.ClassLoader.loadClass(Ljava/lang/String;)Ljava/lang/Class; java.base@17.0.16 (7 bytes) @ 0x00007fc7d1450260 [0x00007fc7d1450220+0x0000000000000040]
v  ~StubRoutines::call_stub
V  [libjvm.so+0x827fa2]  JavaCalls::call_helper(JavaValue*, methodHandle const&, JavaCallArguments*, JavaThread*)+0x302
V  [libjvm.so+0x829802]  JavaCalls::call_virtual(JavaValue*, Handle, Klass*, Symbol*, Symbol*, Handle, JavaThread*)+0x1b2
V  [libjvm.so+0xe56411]  SystemDictionary::load_instance_class_impl(Symbol*, Handle, JavaThread*)+0x1a1
V  [libjvm.so+0xe54c98]  SystemDictionary::load_instance_class(unsigned int, Symbol*, Handle, JavaThread*)+0x28
V  [libjvm.so+0xe5567c]  SystemDictionary::resolve_instance_class_or_null(Symbol*, Handle, Handle, JavaThread*)+0x8bc
V  [libjvm.so+0xe56e56]  SystemDictionary::resolve_or_fail(Symbol*, Handle, Handle, bool, JavaThread*)+0x66
V  [libjvm.so+0x5f7a81]  ConstantPool::klass_at_impl(constantPoolHandle const&, int, JavaThread*)+0x131
V  [libjvm.so+0x8208c3]  InterpreterRuntime::_new(JavaThread*, ConstantPool*, int)+0x63
j  org.jetbrains.kotlin.resolve.lazy.descriptors.LazyClassMemberScope.<clinit>()V+170
v  ~StubRoutines::call_stub
V  [libjvm.so+0x827fa2]  JavaCalls::call_helper(JavaValue*, methodHandle const&, JavaCallArguments*, JavaThread*)+0x302
V  [libjvm.so+0x805480]  InstanceKlass::call_class_initializer(JavaThread*)+0x240
V  [libjvm.so+0x807acc]  InstanceKlass::initialize_impl(JavaThread*)+0x69c
V  [libjvm.so+0x807de4]  InstanceKlass::initialize_impl(JavaThread*)+0x9b4
V  [libjvm.so+0x8209c0]  InterpreterRuntime::_new(JavaThread*, ConstantPool*, int)+0x160
j  org.jetbrains.kotlin.scripting.resolve.LazyScriptDescriptor$createScopesHolderForClass$1.invoke(Lorg/jetbrains/kotlin/types/checker/KotlinTypeRefiner;)Lorg/jetbrains/kotlin/resolve/lazy/descriptors/LazyClassMemberScope;+6
j  org.jetbrains.kotlin.scripting.resolve.LazyScriptDescriptor$createScopesHolderForClass$1.invoke(Ljava/lang/Object;)Ljava/lang/Object;+5
j  org.jetbrains.kotlin.descriptors.ScopesHolderForClass$scopeForOwnerModule$2.invoke()Lorg/jetbrains/kotlin/resolve/scopes/MemberScope;+14
j  org.jetbrains.kotlin.descriptors.ScopesHolderForClass$scopeForOwnerModule$2.invoke()Ljava/lang/Object;+1
j  org.jetbrains.kotlin.storage.LockBasedStorageManager$LockBasedLazyValue.invoke()Ljava/lang/Object;+156
j  org.jetbrains.kotlin.storage.LockBasedStorageManager$LockBasedNotNullLazyValue.invoke()Ljava/lang/Object;+1
j  org.jetbrains.kotlin.storage.StorageKt.getValue(Lorg/jetbrains/kotlin/storage/NotNullLazyValue;Ljava/lang/Object;Lkotlin/reflect/KProperty;)Ljava/lang/Object;+13
j  org.jetbrains.kotlin.descriptors.ScopesHolderForClass.getScopeForOwnerModule()Lorg/jetbrains/kotlin/resolve/scopes/MemberScope;+10
j  org.jetbrains.kotlin.descriptors.ScopesHolderForClass.getScope(Lorg/jetbrains/kotlin/types/checker/KotlinTypeRefiner;)Lorg/jetbrains/kotlin/resolve/scopes/MemberScope;+24
j  org.jetbrains.kotlin.resolve.lazy.descriptors.LazyClassDescriptor.getUnsubstitutedMemberScope(Lorg/jetbrains/kotlin/types/checker/KotlinTypeRefiner;)Lorg/jetbrains/kotlin/resolve/scopes/MemberScope;+14
j  org.jetbrains.kotlin.descriptors.impl.AbstractClassDescriptor.getUnsubstitutedMemberScope()Lorg/jetbrains/kotlin/resolve/scopes/MemberScope;+8
j  org.jetbrains.kotlin.resolve.lazy.descriptors.LazyClassDescriptor.getConstructors()Ljava/util/Collection;+1
j  org.jetbrains.kotlin.resolve.lazy.descriptors.LazyClassDescriptor.resolveMemberHeaders()V+25
j  org.jetbrains.kotlin.resolve.LazyTopDownAnalyzer.resolveAllHeadersInClasses(Lorg/jetbrains/kotlin/resolve/TopDownAnalysisContext;)V+40
j  org.jetbrains.kotlin.resolve.LazyTopDownAnalyzer.analyzeDeclarations(Lorg/jetbrains/kotlin/resolve/TopDownAnalysisMode;Ljava/util/Collection;Lorg/jetbrains/kotlin/resolve/calls/smartcasts/DataFlowInfo;Lorg/jetbrains/kotlin/types/expressions/ExpressionTypingContext;)Lorg/jetbrains/kotlin/resolve/TopDownAnalysisContext;+237
j  org.jetbrains.kotlin.resolve.LazyTopDownAnalyzer.analyzeDeclarations$default(Lorg/jetbrains/kotlin/resolve/LazyTopDownAnalyzer;Lorg/jetbrains/kotlin/resolve/TopDownAnalysisMode;Ljava/util/Collection;Lorg/jetbrains/kotlin/resolve/calls/smartcasts/DataFlowInfo;Lorg/jetbrains/kotlin/types/expressions/ExpressionTypingContext;ILjava/lang/Object;)Lorg/jetbrains/kotlin/resolve/TopDownAnalysisContext;+31
j  org.jetbrains.kotlin.cli.jvm.compiler.TopDownAnalyzerFacadeForJVM.analyzeFilesWithJavaIntegration(Lorg/jetbrains/kotlin/com/intellij/openapi/project/Project;Ljava/util/Collection;Lorg/jetbrains/kotlin/resolve/BindingTrace;Lorg/jetbrains/kotlin/config/CompilerConfiguration;Lkotlin/jvm/functions/Function1;Lkotlin/jvm/functions/Function2;Lorg/jetbrains/kotlin/com/intellij/psi/search/GlobalSearchScope;Ljava/util/List;Ljava/util/List;Ljava/util/List;Lorg/jetbrains/kotlin/resolve/TargetEnvironment;)Lorg/jetbrains/kotlin/analyzer/AnalysisResult;+267
j  org.jetbrains.kotlin.cli.jvm.compiler.TopDownAnalyzerFacadeForJVM.analyzeFilesWithJavaIntegration$default(Lorg/jetbrains/kotlin/com/intellij/openapi/project/Project;Ljava/util/Collection;Lorg/jetbrains/kotlin/resolve/BindingTrace;Lorg/jetbrains/kotlin/config/CompilerConfiguration;Lkotlin/jvm/functions/Function1;Lkotlin/jvm/functions/Function2;Lorg/jetbrains/kotlin/com/intellij/psi/search/GlobalSearchScope;Ljava/util/List;Ljava/util/List;Ljava/util/List;Lorg/jetbrains/kotlin/resolve/TargetEnvironment;ILjava/lang/Object;)Lorg/jetbrains/kotlin/analyzer/AnalysisResult;+111
j  org.jetbrains.kotlin.cli.jvm.compiler.KotlinToJVMBytecodeCompiler$analyze$1.invoke()Lorg/jetbrains/kotlin/analyzer/AnalysisResult;+273
j  org.jetbrains.kotlin.cli.jvm.compiler.KotlinToJVMBytecodeCompiler$analyze$1.invoke()Ljava/lang/Object;+1
j  org.jetbrains.kotlin.cli.common.messages.AnalyzerWithCompilerReport.analyzeAndReport(Ljava/util/Collection;Lkotlin/jvm/functions/Function0;)V+16
j  org.jetbrains.kotlin.cli.jvm.compiler.KotlinToJVMBytecodeCompiler.analyze(Lorg/jetbrains/kotlin/cli/jvm/compiler/KotlinCoreEnvironment;)Lorg/jetbrains/kotlin/analyzer/AnalysisResult;+160
j  org.jetbrains.kotlin.cli.jvm.compiler.KotlinToJVMBytecodeCompiler.analyzeAndGenerate(Lorg/jetbrains/kotlin/cli/jvm/compiler/KotlinCoreEnvironment;)Lorg/jetbrains/kotlin/codegen/state/GenerationState;+9
j  org.jetbrains.kotlin.cli.jvm.compiler.KotlinToJVMBytecodeCompiler.compileBunchOfSources(Lorg/jetbrains/kotlin/cli/jvm/compiler/KotlinCoreEnvironment;)Z+101
j  org.gradle.kotlin.dsl.support.KotlinCompilerKt.compileKotlinScriptModuleTo(Ljava/io/File;Lorg/gradle/kotlin/dsl/support/KotlinCompilerOptions;Ljava/lang/String;Ljava/util/Collection;Lorg/jetbrains/kotlin/scripting/definitions/ScriptDefinition;Ljava/lang/Iterable;Lorg/gradle/kotlin/dsl/support/LoggingMessageCollector;)V+900
j  org.gradle.kotlin.dsl.support.KotlinCompilerKt.compileKotlinScriptToDirectory(Ljava/io/File;Lorg/gradle/kotlin/dsl/support/KotlinCompilerOptions;Ljava/io/File;Lorg/jetbrains/kotlin/scripting/definitions/ScriptDefinition;Ljava/util/List;Lorg/slf4j/Logger;Lkotlin/jvm/functions/Function1;)Ljava/lang/String;+76
j  org.gradle.kotlin.dsl.execution.ResidualProgramCompiler$compileScript$1.invoke()Ljava/lang/String;+62
j  org.gradle.kotlin.dsl.execution.ResidualProgramCompiler$compileScript$1.invoke()Ljava/lang/Object;+1
j  org.gradle.kotlin.dsl.provider.StandardKotlinScriptEvaluator$InterpreterHost$runCompileBuildOperation$1.call(Lorg/gradle/internal/operations/BuildOperationContext;)Ljava/lang/String;+10
j  org.gradle.kotlin.dsl.provider.StandardKotlinScriptEvaluator$InterpreterHost$runCompileBuildOperation$1.call(Lorg/gradle/internal/operations/BuildOperationContext;)Ljava/lang/Object;+2
j  org.gradle.internal.operations.DefaultBuildOperationRunner$CallableBuildOperationWorker.execute(Lorg/gradle/internal/operations/CallableBuildOperation;Lorg/gradle/internal/operations/BuildOperationContext;)V+3
j  org.gradle.internal.operations.DefaultBuildOperationRunner$CallableBuildOperationWorker.execute(Lorg/gradle/internal/operations/BuildOperation;Lorg/gradle/internal/operations/BuildOperationContext;)V+6
j  org.gradle.internal.operations.DefaultBuildOperationRunner$2.execute(Lorg/gradle/internal/operations/BuildOperationDescriptor;Lorg/gradle/internal/operations/BuildOperationState;Lorg/gradle/internal/operations/BuildOperationState;Lorg/gradle/internal/operations/DefaultBuildOperationRunner$ReadableBuildOperationContext;Lorg/gradle/internal/operations/DefaultBuildOperationRunner$BuildOperationExecutionListener;)Lorg/gradle/internal/operations/BuildOperation;+22
j  org.gradle.internal.operations.DefaultBuildOperationRunner$2.execute(Lorg/gradle/internal/operations/BuildOperationDescriptor;Lorg/gradle/internal/operations/BuildOperationState;Lorg/gradle/internal/operations/BuildOperationState;Lorg/gradle/internal/operations/DefaultBuildOperationRunner$ReadableBuildOperationContext;Lorg/gradle/internal/operations/DefaultBuildOperationRunner$BuildOperationExecutionListener;)Ljava/lang/Object;+8
j  org.gradle.internal.operations.DefaultBuildOperationRunner.execute(Lorg/gradle/internal/operations/BuildOperationDescriptor$Builder;Lorg/gradle/internal/operations/BuildOperationState;Lorg/gradle/internal/operations/DefaultBuildOperationRunner$BuildOperationExecution;)Ljava/lang/Object;+141
j  org.gradle.internal.operations.DefaultBuildOperationRunner.execute(Lorg/gradle/internal/operations/BuildOperation;Lorg/gradle/internal/operations/BuildOperationWorker;Lorg/gradle/internal/operations/BuildOperationState;)V+18
j  org.gradle.internal.operations.DefaultBuildOperationRunner.call(Lorg/gradle/internal/operations/CallableBuildOperation;)Ljava/lang/Object;+16
j  org.gradle.kotlin.dsl.provider.StandardKotlinScriptEvaluator$InterpreterHost.runCompileBuildOperation(Ljava/lang/String;Ljava/lang/String;Lkotlin/jvm/functions/Function0;)Ljava/lang/String;+38
j  org.gradle.kotlin.dsl.execution.Interpreter$compile$1$1$1$1.invoke(Ljava/lang/String;Ljava/lang/String;Lkotlin/jvm/functions/Function0;)Ljava/lang/String;+28
j  org.gradle.kotlin.dsl.execution.Interpreter$compile$1$1$1$1.invoke(Ljava/lang/Object;Ljava/lang/Object;Ljava/lang/Object;)Ljava/lang/Object;+13
j  org.gradle.kotlin.dsl.execution.ResidualProgramCompiler.compileScript-C5AE47M(Ljava/io/File;Ljava/lang/String;Lorg/jetbrains/kotlin/scripting/definitions/ScriptDefinition;Ljava/lang/String;Lorg/gradle/internal/classpath/ClassPath;)Ljava/lang/String;+23
j  org.gradle.kotlin.dsl.execution.ResidualProgramCompiler.compileStage1-EfyMToc(Lorg/gradle/kotlin/dsl/execution/ProgramSource;Lorg/jetbrains/kotlin/scripting/definitions/ScriptDefinition;Lorg/gradle/internal/classpath/ClassPath;)Ljava/lang/String;+85
j  org.gradle.kotlin.dsl.execution.ResidualProgramCompiler.emitStage1Sequence(Lorg/jetbrains/org/objectweb/asm/MethodVisitor;Ljava/util/List;)V+142
j  org.gradle.kotlin.dsl.execution.ResidualProgramCompiler.emitStage1Sequence(Lorg/jetbrains/org/objectweb/asm/MethodVisitor;[Lorg/gradle/kotlin/dsl/execution/Program$Stage1;)V+11
j  org.gradle.kotlin.dsl.execution.ResidualProgramCompiler.emit(Lorg/jetbrains/org/objectweb/asm/MethodVisitor;Lorg/gradle/kotlin/dsl/execution/ResidualProgram$Instruction;)V+196
j  org.gradle.kotlin.dsl.execution.ResidualProgramCompiler.emit(Lorg/jetbrains/org/objectweb/asm/MethodVisitor;Ljava/util/List;)V+49
j  org.gradle.kotlin.dsl.execution.ResidualProgramCompiler.access$emit(Lorg/gradle/kotlin/dsl/execution/ResidualProgramCompiler;Lorg/jetbrains/org/objectweb/asm/MethodVisitor;Ljava/util/List;)V+3
j  org.gradle.kotlin.dsl.execution.ResidualProgramCompiler$emitDynamicProgram$1$1.invoke(Lorg/jetbrains/org/objectweb/asm/MethodVisitor;)V+21
j  org.gradle.kotlin.dsl.execution.ResidualProgramCompiler$emitDynamicProgram$1$1.invoke(Ljava/lang/Object;)Ljava/lang/Object;+5
j  org.gradle.kotlin.dsl.execution.ResidualProgramCompiler$overrideExecute$1.invoke(Lorg/jetbrains/org/objectweb/asm/MethodVisitor;)V+11
j  org.gradle.kotlin.dsl.execution.ResidualProgramCompiler$overrideExecute$1.invoke(Ljava/lang/Object;)Ljava/lang/Object;+5
j  org.gradle.kotlin.dsl.support.bytecode.AsmExtensionsKt.method(Lorg/jetbrains/org/objectweb/asm/ClassVisitor;ILjava/lang/String;Ljava/lang/String;Ljava/lang/String;[Ljava/lang/String;Lkotlin/jvm/functions/Function1;Lkotlin/jvm/functions/Function1;)V+78
j  org.gradle.kotlin.dsl.support.bytecode.AsmExtensionsKt.publicMethod(Lorg/jetbrains/org/objectweb/asm/ClassVisitor;Ljava/lang/String;Ljava/lang/String;Ljava/lang/String;[Ljava/lang/String;Lkotlin/jvm/functions/Function1;Lkotlin/jvm/functions/Function1;)V+43
j  org.gradle.kotlin.dsl.support.bytecode.AsmExtensionsKt.publicMethod$default(Lorg/jetbrains/org/objectweb/asm/ClassVisitor;Ljava/lang/String;Ljava/lang/String;Ljava/lang/String;[Ljava/lang/String;Lkotlin/jvm/functions/Function1;Lkotlin/jvm/functions/Function1;ILjava/lang/Object;)V+46
...<more frames>...

Java frames: (J=compiled Java code, j=interpreted, Vv=VM code)
J 624  java.lang.ClassLoader.defineClass1(Ljava/lang/ClassLoader;Ljava/lang/String;[BIILjava/security/ProtectionDomain;Ljava/lang/String;)Ljava/lang/Class; java.base@17.0.16 (0 bytes) @ 0x00007fc7d1048a58 [0x00007fc7d10489a0+0x00000000000000b8]
J 7303 c1 java.lang.ClassLoader.defineClass(Ljava/lang/String;[BIILjava/security/ProtectionDomain;)Ljava/lang/Class; java.base@17.0.16 (43 bytes) @ 0x00007fc7c9feff4c [0x00007fc7c9fefc00+0x000000000000034c]
J 6921 c2 java.security.SecureClassLoader.defineClass(Ljava/lang/String;[BIILjava/security/CodeSource;)Ljava/lang/Class; java.base@17.0.16 (16 bytes) @ 0x00007fc7d14be194 [0x00007fc7d14be040+0x0000000000000154]
J 3378 c1 java.net.URLClassLoader.defineClass(Ljava/lang/String;Ljdk/internal/loader/Resource;)Ljava/lang/Class; java.base@17.0.16 (224 bytes) @ 0x00007fc7c9bb9c8c [0x00007fc7c9bb8620+0x000000000000166c]
J 3383 c1 java.net.URLClassLoader$1.run()Ljava/lang/Class; java.base@17.0.16 (81 bytes) @ 0x00007fc7c9bbc114 [0x00007fc7c9bbbe40+0x00000000000002d4]
J 7289 c1 java.net.URLClassLoader$1.run()Ljava/lang/Object; java.base@17.0.16 (5 bytes) @ 0x00007fc7c9feabb4 [0x00007fc7c9feab40+0x0000000000000074]
J 6358 c2 java.net.URLClassLoader.findClass(Ljava/lang/String;)Ljava/lang/Class; java.base@17.0.16 (47 bytes) @ 0x00007fc7d145cacc [0x00007fc7d145ca00+0x00000000000000cc]
J 7288 c1 java.lang.ClassLoader.loadClass(Ljava/lang/String;Z)Ljava/lang/Class; java.base@17.0.16 (121 bytes) @ 0x00007fc7c9fe9c3c [0x00007fc7c9fe96c0+0x000000000000057c]
J 6332 c2 java.lang.ClassLoader.loadClass(Ljava/lang/String;)Ljava/lang/Class; java.base@17.0.16 (7 bytes) @ 0x00007fc7d1450260 [0x00007fc7d1450220+0x0000000000000040]
v  ~StubRoutines::call_stub
j  org.jetbrains.kotlin.resolve.lazy.descriptors.LazyClassMemberScope.<clinit>()V+170
v  ~StubRoutines::call_stub
j  org.jetbrains.kotlin.scripting.resolve.LazyScriptDescriptor$createScopesHolderForClass$1.invoke(Lorg/jetbrains/kotlin/types/checker/KotlinTypeRefiner;)Lorg/jetbrains/kotlin/resolve/lazy/descriptors/LazyClassMemberScope;+6
j  org.jetbrains.kotlin.scripting.resolve.LazyScriptDescriptor$createScopesHolderForClass$1.invoke(Ljava/lang/Object;)Ljava/lang/Object;+5
j  org.jetbrains.kotlin.descriptors.ScopesHolderForClass$scopeForOwnerModule$2.invoke()Lorg/jetbrains/kotlin/resolve/scopes/MemberScope;+14
j  org.jetbrains.kotlin.descriptors.ScopesHolderForClass$scopeForOwnerModule$2.invoke()Ljava/lang/Object;+1
j  org.jetbrains.kotlin.storage.LockBasedStorageManager$LockBasedLazyValue.invoke()Ljava/lang/Object;+156
j  org.jetbrains.kotlin.storage.LockBasedStorageManager$LockBasedNotNullLazyValue.invoke()Ljava/lang/Object;+1
j  org.jetbrains.kotlin.storage.StorageKt.getValue(Lorg/jetbrains/kotlin/storage/NotNullLazyValue;Ljava/lang/Object;Lkotlin/reflect/KProperty;)Ljava/lang/Object;+13
j  org.jetbrains.kotlin.descriptors.ScopesHolderForClass.getScopeForOwnerModule()Lorg/jetbrains/kotlin/resolve/scopes/MemberScope;+10
j  org.jetbrains.kotlin.descriptors.ScopesHolderForClass.getScope(Lorg/jetbrains/kotlin/types/checker/KotlinTypeRefiner;)Lorg/jetbrains/kotlin/resolve/scopes/MemberScope;+24
j  org.jetbrains.kotlin.resolve.lazy.descriptors.LazyClassDescriptor.getUnsubstitutedMemberScope(Lorg/jetbrains/kotlin/types/checker/KotlinTypeRefiner;)Lorg/jetbrains/kotlin/resolve/scopes/MemberScope;+14
j  org.jetbrains.kotlin.descriptors.impl.AbstractClassDescriptor.getUnsubstitutedMemberScope()Lorg/jetbrains/kotlin/resolve/scopes/MemberScope;+8
j  org.jetbrains.kotlin.resolve.lazy.descriptors.LazyClassDescriptor.getConstructors()Ljava/util/Collection;+1
j  org.jetbrains.kotlin.resolve.lazy.descriptors.LazyClassDescriptor.resolveMemberHeaders()V+25
j  org.jetbrains.kotlin.resolve.LazyTopDownAnalyzer.resolveAllHeadersInClasses(Lorg/jetbrains/kotlin/resolve/TopDownAnalysisContext;)V+40
j  org.jetbrains.kotlin.resolve.LazyTopDownAnalyzer.analyzeDeclarations(Lorg/jetbrains/kotlin/resolve/TopDownAnalysisMode;Ljava/util/Collection;Lorg/jetbrains/kotlin/resolve/calls/smartcasts/DataFlowInfo;Lorg/jetbrains/kotlin/types/expressions/ExpressionTypingContext;)Lorg/jetbrains/kotlin/resolve/TopDownAnalysisContext;+237
j  org.jetbrains.kotlin.resolve.LazyTopDownAnalyzer.analyzeDeclarations$default(Lorg/jetbrains/kotlin/resolve/LazyTopDownAnalyzer;Lorg/jetbrains/kotlin/resolve/TopDownAnalysisMode;Ljava/util/Collection;Lorg/jetbrains/kotlin/resolve/calls/smartcasts/DataFlowInfo;Lorg/jetbrains/kotlin/types/expressions/ExpressionTypingContext;ILjava/lang/Object;)Lorg/jetbrains/kotlin/resolve/TopDownAnalysisContext;+31
j  org.jetbrains.kotlin.cli.jvm.compiler.TopDownAnalyzerFacadeForJVM.analyzeFilesWithJavaIntegration(Lorg/jetbrains/kotlin/com/intellij/openapi/project/Project;Ljava/util/Collection;Lorg/jetbrains/kotlin/resolve/BindingTrace;Lorg/jetbrains/kotlin/config/CompilerConfiguration;Lkotlin/jvm/functions/Function1;Lkotlin/jvm/functions/Function2;Lorg/jetbrains/kotlin/com/intellij/psi/search/GlobalSearchScope;Ljava/util/List;Ljava/util/List;Ljava/util/List;Lorg/jetbrains/kotlin/resolve/TargetEnvironment;)Lorg/jetbrains/kotlin/analyzer/AnalysisResult;+267
j  org.jetbrains.kotlin.cli.jvm.compiler.TopDownAnalyzerFacadeForJVM.analyzeFilesWithJavaIntegration$default(Lorg/jetbrains/kotlin/com/intellij/openapi/project/Project;Ljava/util/Collection;Lorg/jetbrains/kotlin/resolve/BindingTrace;Lorg/jetbrains/kotlin/config/CompilerConfiguration;Lkotlin/jvm/functions/Function1;Lkotlin/jvm/functions/Function2;Lorg/jetbrains/kotlin/com/intellij/psi/search/GlobalSearchScope;Ljava/util/List;Ljava/util/List;Ljava/util/List;Lorg/jetbrains/kotlin/resolve/TargetEnvironment;ILjava/lang/Object;)Lorg/jetbrains/kotlin/analyzer/AnalysisResult;+111
j  org.jetbrains.kotlin.cli.jvm.compiler.KotlinToJVMBytecodeCompiler$analyze$1.invoke()Lorg/jetbrains/kotlin/analyzer/AnalysisResult;+273
j  org.jetbrains.kotlin.cli.jvm.compiler.KotlinToJVMBytecodeCompiler$analyze$1.invoke()Ljava/lang/Object;+1
j  org.jetbrains.kotlin.cli.common.messages.AnalyzerWithCompilerReport.analyzeAndReport(Ljava/util/Collection;Lkotlin/jvm/functions/Function0;)V+16
j  org.jetbrains.kotlin.cli.jvm.compiler.KotlinToJVMBytecodeCompiler.analyze(Lorg/jetbrains/kotlin/cli/jvm/compiler/KotlinCoreEnvironment;)Lorg/jetbrains/kotlin/analyzer/AnalysisResult;+160
j  org.jetbrains.kotlin.cli.jvm.compiler.KotlinToJVMBytecodeCompiler.analyzeAndGenerate(Lorg/jetbrains/kotlin/cli/jvm/compiler/KotlinCoreEnvironment;)Lorg/jetbrains/kotlin/codegen/state/GenerationState;+9
j  org.jetbrains.kotlin.cli.jvm.compiler.KotlinToJVMBytecodeCompiler.compileBunchOfSources(Lorg/jetbrains/kotlin/cli/jvm/compiler/KotlinCoreEnvironment;)Z+101
j  org.gradle.kotlin.dsl.support.KotlinCompilerKt.compileKotlinScriptModuleTo(Ljava/io/File;Lorg/gradle/kotlin/dsl/support/KotlinCompilerOptions;Ljava/lang/String;Ljava/util/Collection;Lorg/jetbrains/kotlin/scripting/definitions/ScriptDefinition;Ljava/lang/Iterable;Lorg/gradle/kotlin/dsl/support/LoggingMessageCollector;)V+900
j  org.gradle.kotlin.dsl.support.KotlinCompilerKt.compileKotlinScriptToDirectory(Ljava/io/File;Lorg/gradle/kotlin/dsl/support/KotlinCompilerOptions;Ljava/io/File;Lorg/jetbrains/kotlin/scripting/definitions/ScriptDefinition;Ljava/util/List;Lorg/slf4j/Logger;Lkotlin/jvm/functions/Function1;)Ljava/lang/String;+76
j  org.gradle.kotlin.dsl.execution.ResidualProgramCompiler$compileScript$1.invoke()Ljava/lang/String;+62
j  org.gradle.kotlin.dsl.execution.ResidualProgramCompiler$compileScript$1.invoke()Ljava/lang/Object;+1
j  org.gradle.kotlin.dsl.provider.StandardKotlinScriptEvaluator$InterpreterHost$runCompileBuildOperation$1.call(Lorg/gradle/internal/operations/BuildOperationContext;)Ljava/lang/String;+10
j  org.gradle.kotlin.dsl.provider.StandardKotlinScriptEvaluator$InterpreterHost$runCompileBuildOperation$1.call(Lorg/gradle/internal/operations/BuildOperationContext;)Ljava/lang/Object;+2
j  org.gradle.internal.operations.DefaultBuildOperationRunner$CallableBuildOperationWorker.execute(Lorg/gradle/internal/operations/CallableBuildOperation;Lorg/gradle/internal/operations/BuildOperationContext;)V+3
j  org.gradle.internal.operations.DefaultBuildOperationRunner$CallableBuildOperationWorker.execute(Lorg/gradle/internal/operations/BuildOperation;Lorg/gradle/internal/operations/BuildOperationContext;)V+6
j  org.gradle.internal.operations.DefaultBuildOperationRunner$2.execute(Lorg/gradle/internal/operations/BuildOperationDescriptor;Lorg/gradle/internal/operations/BuildOperationState;Lorg/gradle/internal/operations/BuildOperationState;Lorg/gradle/internal/operations/DefaultBuildOperationRunner$ReadableBuildOperationContext;Lorg/gradle/internal/operations/DefaultBuildOperationRunner$BuildOperationExecutionListener;)Lorg/gradle/internal/operations/BuildOperation;+22
j  org.gradle.internal.operations.DefaultBuildOperationRunner$2.execute(Lorg/gradle/internal/operations/BuildOperationDescriptor;Lorg/gradle/internal/operations/BuildOperationState;Lorg/gradle/internal/operations/BuildOperationState;Lorg/gradle/internal/operations/DefaultBuildOperationRunner$ReadableBuildOperationContext;Lorg/gradle/internal/operations/DefaultBuildOperationRunner$BuildOperationExecutionListener;)Ljava/lang/Object;+8
j  org.gradle.internal.operations.DefaultBuildOperationRunner.execute(Lorg/gradle/internal/operations/BuildOperationDescriptor$Builder;Lorg/gradle/internal/operations/BuildOperationState;Lorg/gradle/internal/operations/DefaultBuildOperationRunner$BuildOperationExecution;)Ljava/lang/Object;+141
j  org.gradle.internal.operations.DefaultBuildOperationRunner.execute(Lorg/gradle/internal/operations/BuildOperation;Lorg/gradle/internal/operations/BuildOperationWorker;Lorg/gradle/internal/operations/BuildOperationState;)V+18
j  org.gradle.internal.operations.DefaultBuildOperationRunner.call(Lorg/gradle/internal/operations/CallableBuildOperation;)Ljava/lang/Object;+16
j  org.gradle.kotlin.dsl.provider.StandardKotlinScriptEvaluator$InterpreterHost.runCompileBuildOperation(Ljava/lang/String;Ljava/lang/String;Lkotlin/jvm/functions/Function0;)Ljava/lang/String;+38
j  org.gradle.kotlin.dsl.execution.Interpreter$compile$1$1$1$1.invoke(Ljava/lang/String;Ljava/lang/String;Lkotlin/jvm/functions/Function0;)Ljava/lang/String;+28
j  org.gradle.kotlin.dsl.execution.Interpreter$compile$1$1$1$1.invoke(Ljava/lang/Object;Ljava/lang/Object;Ljava/lang/Object;)Ljava/lang/Object;+13
j  org.gradle.kotlin.dsl.execution.ResidualProgramCompiler.compileScript-C5AE47M(Ljava/io/File;Ljava/lang/String;Lorg/jetbrains/kotlin/scripting/definitions/ScriptDefinition;Ljava/lang/String;Lorg/gradle/internal/classpath/ClassPath;)Ljava/lang/String;+23
j  org.gradle.kotlin.dsl.execution.ResidualProgramCompiler.compileStage1-EfyMToc(Lorg/gradle/kotlin/dsl/execution/ProgramSource;Lorg/jetbrains/kotlin/scripting/definitions/ScriptDefinition;Lorg/gradle/internal/classpath/ClassPath;)Ljava/lang/String;+85
j  org.gradle.kotlin.dsl.execution.ResidualProgramCompiler.emitStage1Sequence(Lorg/jetbrains/org/objectweb/asm/MethodVisitor;Ljava/util/List;)V+142
j  org.gradle.kotlin.dsl.execution.ResidualProgramCompiler.emitStage1Sequence(Lorg/jetbrains/org/objectweb/asm/MethodVisitor;[Lorg/gradle/kotlin/dsl/execution/Program$Stage1;)V+11
j  org.gradle.kotlin.dsl.execution.ResidualProgramCompiler.emit(Lorg/jetbrains/org/objectweb/asm/MethodVisitor;Lorg/gradle/kotlin/dsl/execution/ResidualProgram$Instruction;)V+196
j  org.gradle.kotlin.dsl.execution.ResidualProgramCompiler.emit(Lorg/jetbrains/org/objectweb/asm/MethodVisitor;Ljava/util/List;)V+49
j  org.gradle.kotlin.dsl.execution.ResidualProgramCompiler.access$emit(Lorg/gradle/kotlin/dsl/execution/ResidualProgramCompiler;Lorg/jetbrains/org/objectweb/asm/MethodVisitor;Ljava/util/List;)V+3
j  org.gradle.kotlin.dsl.execution.ResidualProgramCompiler$emitDynamicProgram$1$1.invoke(Lorg/jetbrains/org/objectweb/asm/MethodVisitor;)V+21
j  org.gradle.kotlin.dsl.execution.ResidualProgramCompiler$emitDynamicProgram$1$1.invoke(Ljava/lang/Object;)Ljava/lang/Object;+5
j  org.gradle.kotlin.dsl.execution.ResidualProgramCompiler$overrideExecute$1.invoke(Lorg/jetbrains/org/objectweb/asm/MethodVisitor;)V+11
j  org.gradle.kotlin.dsl.execution.ResidualProgramCompiler$overrideExecute$1.invoke(Ljava/lang/Object;)Ljava/lang/Object;+5
j  org.gradle.kotlin.dsl.support.bytecode.AsmExtensionsKt.method(Lorg/jetbrains/org/objectweb/asm/ClassVisitor;ILjava/lang/String;Ljava/lang/String;Ljava/lang/String;[Ljava/lang/String;Lkotlin/jvm/functions/Function1;Lkotlin/jvm/functions/Function1;)V+78
j  org.gradle.kotlin.dsl.support.bytecode.AsmExtensionsKt.publicMethod(Lorg/jetbrains/org/objectweb/asm/ClassVisitor;Ljava/lang/String;Ljava/lang/String;Ljava/lang/String;[Ljava/lang/String;Lkotlin/jvm/functions/Function1;Lkotlin/jvm/functions/Function1;)V+43
j  org.gradle.kotlin.dsl.support.bytecode.AsmExtensionsKt.publicMethod$default(Lorg/jetbrains/org/objectweb/asm/ClassVisitor;Ljava/lang/String;Ljava/lang/String;Ljava/lang/String;[Ljava/lang/String;Lkotlin/jvm/functions/Function1;Lkotlin/jvm/functions/Function1;ILjava/lang/Object;)V+46
j  org.gradle.kotlin.dsl.execution.ResidualProgramCompiler.overrideExecute(Lorg/jetbrains/org/objectweb/asm/ClassVisitor;Lkotlin/jvm/functions/Function1;)V+27
j  org.gradle.kotlin.dsl.execution.ResidualProgramCompiler.access$overrideExecute(Lorg/gradle/kotlin/dsl/execution/ResidualProgramCompiler;Lorg/jetbrains/org/objectweb/asm/ClassVisitor;Lkotlin/jvm/functions/Function1;)V+3
j  org.gradle.kotlin.dsl.execution.ResidualProgramCompiler$emitDynamicProgram$1.invoke(Lorg/jetbrains/org/objectweb/asm/ClassWriter;)V+32
j  org.gradle.kotlin.dsl.execution.ResidualProgramCompiler$emitDynamicProgram$1.invoke(Ljava/lang/Object;)Ljava/lang/Object;+5
j  org.gradle.kotlin.dsl.execution.ResidualProgramCompiler$program$3.invoke(Lorg/jetbrains/org/objectweb/asm/ClassWriter;)V+19
j  org.gradle.kotlin.dsl.execution.ResidualProgramCompiler$program$3.invoke(Ljava/lang/Object;)Ljava/lang/Object;+5
j  org.gradle.kotlin.dsl.support.bytecode.AsmExtensionsKt.publicClass-7y5yvvE(Ljava/lang/String;Ljava/lang/String;Ljava/util/List;Lkotlin/jvm/functions/Function1;)[B+26
j  org.gradle.kotlin.dsl.execution.ResidualProgramCompiler.program-5oOsWEo(Ljava/lang/String;Lkotlin/jvm/functions/Function1;)V+24
j  org.gradle.kotlin.dsl.execution.ResidualProgramCompiler.access$program-5oOsWEo(Lorg/gradle/kotlin/dsl/execution/ResidualProgramCompiler;Ljava/lang/String;Lkotlin/jvm/functions/Function1;)V+3
j  org.gradle.kotlin.dsl.execution.ResidualProgramCompiler.emitDynamicProgram(Lorg/gradle/kotlin/dsl/execution/ResidualProgram$Dynamic;)V+28
j  org.gradle.kotlin.dsl.execution.ResidualProgramCompiler.compile(Lorg/gradle/kotlin/dsl/execution/ResidualProgram;)V+38
j  org.gradle.kotlin.dsl.execution.Interpreter$compile$1.invoke(Ljava/io/File;)V+251
j  org.gradle.kotlin.dsl.execution.Interpreter$compile$1.invoke(Ljava/lang/Object;)Ljava/lang/Object;+5
j  org.gradle.kotlin.dsl.provider.StandardKotlinScriptEvaluator$KotlinScriptCompilationAndInstrumentation.compile(Ljava/io/File;)Ljava/io/File;+32
j  org.gradle.internal.scripts.BuildScriptCompilationAndInstrumentation.execute(Lorg/gradle/internal/execution/UnitOfWork$ExecutionRequest;)Lorg/gradle/internal/execution/UnitOfWork$WorkOutput;+9
j  org.gradle.internal.execution.steps.ExecuteStep.executeInternal(Lorg/gradle/internal/execution/UnitOfWork;Lorg/gradle/internal/execution/steps/InputChangesContext;)Lorg/gradle/internal/execution/steps/Result;+16
j  org.gradle.internal.execution.steps.ExecuteStep.access$000(Lorg/gradle/internal/execution/UnitOfWork;Lorg/gradle/internal/execution/steps/InputChangesContext;)Lorg/gradle/internal/execution/steps/Result;+2
j  org.gradle.internal.execution.steps.ExecuteStep$1.call(Lorg/gradle/internal/operations/BuildOperationContext;)Lorg/gradle/internal/execution/steps/Result;+8
j  org.gradle.internal.execution.steps.ExecuteStep$1.call(Lorg/gradle/internal/operations/BuildOperationContext;)Ljava/lang/Object;+2
j  org.gradle.internal.operations.DefaultBuildOperationRunner$CallableBuildOperationWorker.execute(Lorg/gradle/internal/operations/CallableBuildOperation;Lorg/gradle/internal/operations/BuildOperationContext;)V+3
j  org.gradle.internal.operations.DefaultBuildOperationRunner$CallableBuildOperationWorker.execute(Lorg/gradle/internal/operations/BuildOperation;Lorg/gradle/internal/operations/BuildOperationContext;)V+6
j  org.gradle.internal.operations.DefaultBuildOperationRunner$2.execute(Lorg/gradle/internal/operations/BuildOperationDescriptor;Lorg/gradle/internal/operations/BuildOperationState;Lorg/gradle/internal/operations/BuildOperationState;Lorg/gradle/internal/operations/DefaultBuildOperationRunner$ReadableBuildOperationContext;Lorg/gradle/internal/operations/DefaultBuildOperationRunner$BuildOperationExecutionListener;)Lorg/gradle/internal/operations/BuildOperation;+22
j  org.gradle.internal.operations.DefaultBuildOperationRunner$2.execute(Lorg/gradle/internal/operations/BuildOperationDescriptor;Lorg/gradle/internal/operations/BuildOperationState;Lorg/gradle/internal/operations/BuildOperationState;Lorg/gradle/internal/operations/DefaultBuildOperationRunner$ReadableBuildOperationContext;Lorg/gradle/internal/operations/DefaultBuildOperationRunner$BuildOperationExecutionListener;)Ljava/lang/Object;+8
j  org.gradle.internal.operations.DefaultBuildOperationRunner.execute(Lorg/gradle/internal/operations/BuildOperationDescriptor$Builder;Lorg/gradle/internal/operations/BuildOperationState;Lorg/gradle/internal/operations/DefaultBuildOperationRunner$BuildOperationExecution;)Ljava/lang/Object;+141
j  org.gradle.internal.operations.DefaultBuildOperationRunner.execute(Lorg/gradle/internal/operations/BuildOperation;Lorg/gradle/internal/operations/BuildOperationWorker;Lorg/gradle/internal/operations/BuildOperationState;)V+18
j  org.gradle.internal.operations.DefaultBuildOperationRunner.call(Lorg/gradle/internal/operations/CallableBuildOperation;)Ljava/lang/Object;+16
j  org.gradle.internal.execution.steps.ExecuteStep.execute(Lorg/gradle/internal/execution/UnitOfWork;Lorg/gradle/internal/execution/steps/ChangingOutputsContext;)Lorg/gradle/internal/execution/steps/Result;+28
j  org.gradle.internal.execution.steps.ExecuteStep.execute(Lorg/gradle/internal/execution/UnitOfWork;Lorg/gradle/internal/execution/steps/Context;)Lorg/gradle/internal/execution/steps/Result;+6
j  org.gradle.internal.execution.steps.TimeoutStep.executeWithoutTimeout(Lorg/gradle/internal/execution/UnitOfWork;Lorg/gradle/internal/execution/steps/Context;)Lorg/gradle/internal/execution/steps/Result;+6
j  org.gradle.internal.execution.steps.TimeoutStep.execute(Lorg/gradle/internal/execution/UnitOfWork;Lorg/gradle/internal/execution/steps/Context;)Lorg/gradle/internal/execution/steps/Result;+92
j  org.gradle.internal.execution.steps.PreCreateOutputParentsStep.execute(Lorg/gradle/internal/execution/UnitOfWork;Lorg/gradle/internal/execution/steps/ChangingOutputsContext;)Lorg/gradle/internal/execution/steps/Result;+24
j  org.gradle.internal.execution.steps.PreCreateOutputParentsStep.execute(Lorg/gradle/internal/execution/UnitOfWork;Lorg/gradle/internal/execution/steps/Context;)Lorg/gradle/internal/execution/steps/Result;+6
j  org.gradle.internal.execution.steps.BroadcastChangingOutputsStep.execute(Lorg/gradle/internal/execution/UnitOfWork;Lorg/gradle/internal/execution/steps/InputChangesContext;)Lorg/gradle/internal/execution/steps/Result;+53
j  org.gradle.internal.execution.steps.BroadcastChangingOutputsStep.execute(Lorg/gradle/internal/execution/UnitOfWork;Lorg/gradle/internal/execution/steps/Context;)Lorg/gradle/internal/execution/steps/Result;+6
j  org.gradle.internal.execution.steps.CaptureOutputsAfterExecutionStep.execute(Lorg/gradle/internal/execution/UnitOfWork;Lorg/gradle/internal/execution/steps/WorkspaceContext;)Lorg/gradle/internal/execution/steps/AfterExecutionResult;+6
j  org.gradle.internal.execution.steps.CaptureOutputsAfterExecutionStep.execute(Lorg/gradle/internal/execution/UnitOfWork;Lorg/gradle/internal/execution/steps/Context;)Lorg/gradle/internal/execution/steps/Result;+6
j  org.gradle.internal.execution.steps.NoInputChangesStep.execute(Lorg/gradle/internal/execution/UnitOfWork;Lorg/gradle/internal/execution/steps/ValidationFinishedContext;)Lorg/gradle/internal/execution/steps/Result;+23
j  org.gradle.internal.execution.steps.NoInputChangesStep.execute(Lorg/gradle/internal/execution/UnitOfWork;Lorg/gradle/internal/execution/steps/Context;)Lorg/gradle/internal/execution/steps/Result;+6
j  org.gradle.internal.execution.steps.NeverUpToDateStep.execute(Lorg/gradle/internal/execution/UnitOfWork;Lorg/gradle/internal/execution/steps/NonIncrementalCachingContext;)Lorg/gradle/internal/execution/steps/UpToDateResult;+6
j  org.gradle.internal.execution.steps.NeverUpToDateStep.execute(Lorg/gradle/internal/execution/UnitOfWork;Lorg/gradle/internal/execution/steps/Context;)Lorg/gradle/internal/execution/steps/Result;+6
j  org.gradle.internal.execution.steps.ResolveNonIncrementalCachingStateStep.executeDelegate(Lorg/gradle/internal/execution/UnitOfWork;Lorg/gradle/internal/execution/steps/ValidationFinishedContext;Lorg/gradle/internal/execution/caching/CachingState;)Lorg/gradle/internal/execution/steps/UpToDateResult;+14
j  org.gradle.internal.execution.steps.AbstractResolveCachingStateStep.execute(Lorg/gradle/internal/execution/UnitOfWork;Lorg/gradle/internal/execution/steps/ValidationFinishedContext;)Lorg/gradle/internal/execution/steps/CachingResult;+51
j  org.gradle.internal.execution.steps.AbstractResolveCachingStateStep.execute(Lorg/gradle/internal/execution/UnitOfWork;Lorg/gradle/internal/execution/steps/Context;)Lorg/gradle/internal/execution/steps/Result;+6
j  org.gradle.internal.execution.steps.ValidateStep.execute(Lorg/gradle/internal/execution/UnitOfWork;Lorg/gradle/internal/execution/steps/BeforeExecutionContext;)Lorg/gradle/internal/execution/steps/Result;+249
j  org.gradle.internal.execution.steps.ValidateStep.execute(Lorg/gradle/internal/execution/UnitOfWork;Lorg/gradle/internal/execution/steps/Context;)Lorg/gradle/internal/execution/steps/Result;+6
j  org.gradle.internal.execution.steps.AbstractCaptureStateBeforeExecutionStep.execute(Lorg/gradle/internal/execution/UnitOfWork;Lorg/gradle/internal/execution/steps/PreviousExecutionContext;)Lorg/gradle/internal/execution/steps/CachingResult;+32
j  org.gradle.internal.execution.steps.AbstractCaptureStateBeforeExecutionStep.execute(Lorg/gradle/internal/execution/UnitOfWork;Lorg/gradle/internal/execution/steps/Context;)Lorg/gradle/internal/execution/steps/Result;+6
j  org.gradle.internal.execution.steps.AssignImmutableWorkspaceStep.lambda$executeInTemporaryWorkspace$3(Lorg/gradle/internal/execution/steps/IdentityContext;Lorg/gradle/internal/execution/UnitOfWork;Lorg/gradle/internal/execution/workspace/ImmutableWorkspaceProvider$ImmutableWorkspace;Ljava/io/File;)Lorg/gradle/internal/execution/steps/WorkspaceResult;+50
j  org.gradle.internal.execution.steps.AssignImmutableWorkspaceStep$$Lambda$561+0x00007fc77c50e588.executeInTemporaryWorkspace(Ljava/io/File;)Ljava/lang/Object;+17
j  org.gradle.internal.execution.workspace.impl.CacheBasedImmutableWorkspaceProvider$1.withTemporaryWorkspace(Lorg/gradle/internal/execution/workspace/ImmutableWorkspaceProvider$ImmutableWorkspace$TemporaryWorkspaceAction;)Ljava/lang/Object;+47
j  org.gradle.internal.execution.steps.AssignImmutableWorkspaceStep.executeInTemporaryWorkspace(Lorg/gradle/internal/execution/UnitOfWork;Lorg/gradle/internal/execution/steps/IdentityContext;Lorg/gradle/internal/execution/workspace/ImmutableWorkspaceProvider$ImmutableWorkspace;)Lorg/gradle/internal/execution/steps/WorkspaceResult;+10
j  org.gradle.internal.execution.steps.AssignImmutableWorkspaceStep.lambda$execute$0(Lorg/gradle/internal/execution/UnitOfWork;Lorg/gradle/internal/execution/steps/IdentityContext;Lorg/gradle/internal/execution/workspace/ImmutableWorkspaceProvider$ImmutableWorkspace;)Lorg/gradle/internal/execution/steps/WorkspaceResult;+4
j  org.gradle.internal.execution.steps.AssignImmutableWorkspaceStep$$Lambda$560+0x00007fc77c50e160.get()Ljava/lang/Object;+16
J 4967 c1 java.util.Optional.orElseGet(Ljava/util/function/Supplier;)Ljava/lang/Object; java.base@17.0.16 (21 bytes) @ 0x00007fc7c9d94d14 [0x00007fc7c9d94bc0+0x0000000000000154]
j  org.gradle.internal.execution.steps.AssignImmutableWorkspaceStep.execute(Lorg/gradle/internal/execution/UnitOfWork;Lorg/gradle/internal/execution/steps/IdentityContext;)Lorg/gradle/internal/execution/steps/WorkspaceResult;+48
j  org.gradle.internal.execution.steps.AssignImmutableWorkspaceStep.execute(Lorg/gradle/internal/execution/UnitOfWork;Lorg/gradle/internal/execution/steps/Context;)Lorg/gradle/internal/execution/steps/Result;+6
j  org.gradle.internal.execution.steps.IdentityCacheStep.execute(Lorg/gradle/internal/execution/UnitOfWork;Lorg/gradle/internal/execution/steps/IdentityContext;)Lorg/gradle/internal/execution/steps/WorkspaceResult;+6
j  org.gradle.internal.execution.steps.IdentityCacheStep.execute(Lorg/gradle/internal/execution/UnitOfWork;Lorg/gradle/internal/execution/steps/Context;)Lorg/gradle/internal/execution/steps/Result;+6
j  org.gradle.internal.execution.steps.IdentifyStep.execute(Lorg/gradle/internal/execution/UnitOfWork;Lorg/gradle/internal/execution/steps/ExecutionRequestContext;)Lorg/gradle/internal/execution/steps/Result;+11
j  org.gradle.internal.execution.steps.IdentifyStep.execute(Lorg/gradle/internal/execution/UnitOfWork;Lorg/gradle/internal/execution/steps/Context;)Lorg/gradle/internal/execution/steps/Result;+6
j  org.gradle.internal.execution.impl.DefaultExecutionEngine$1.execute()Lorg/gradle/internal/execution/ExecutionEngine$Result;+15
j  org.gradle.kotlin.dsl.provider.StandardKotlinScriptEvaluator$InterpreterHost.cachedDirFor(Lorg/gradle/kotlin/dsl/support/KotlinScriptHost;Lorg/gradle/kotlin/dsl/execution/ProgramId;Lorg/gradle/internal/classpath/ClassPath;Lorg/gradle/internal/classpath/ClassPath;Lkotlin/jvm/functions/Function1;)Ljava/io/File;+101
j  org.gradle.kotlin.dsl.execution.Interpreter.compile(Lorg/gradle/kotlin/dsl/support/KotlinScriptHost;Lorg/gradle/kotlin/dsl/execution/ProgramId;Ljava/lang/String;Lorg/gradle/groovy/scripts/ScriptSource;Lorg/gradle/kotlin/dsl/execution/ProgramKind;Lorg/gradle/kotlin/dsl/execution/ProgramTarget;Lorg/gradle/internal/classpath/ClassPath;Lorg/gradle/internal/classpath/ClassPath;Lorg/gradle/api/internal/file/temp/TemporaryFileProvider;)Ljava/io/File;+43
j  org.gradle.kotlin.dsl.execution.Interpreter.emitSpecializedProgramFor(Lorg/gradle/kotlin/dsl/support/KotlinScriptHost;Lorg/gradle/groovy/scripts/ScriptSource;Lorg/gradle/kotlin/dsl/execution/ProgramId;Lorg/gradle/api/internal/initialization/ClassLoaderScope;Lorg/gradle/api/internal/initialization/ClassLoaderScope;Lorg/gradle/kotlin/dsl/execution/ProgramKind;Lorg/gradle/kotlin/dsl/execution/ProgramTarget;)Lorg/gradle/kotlin/dsl/execution/CompiledScript;+85
j  org.gradle.kotlin.dsl.execution.Interpreter.eval(Ljava/lang/Object;Lorg/gradle/groovy/scripts/ScriptSource;Lorg/gradle/internal/hash/HashCode;Lorg/gradle/api/initialization/dsl/ScriptHandler;Lorg/gradle/api/internal/initialization/ClassLoaderScope;Lorg/gradle/api/internal/initialization/ClassLoaderScope;ZLjava/util/EnumSet;)V+189
j  org.gradle.kotlin.dsl.provider.StandardKotlinScriptEvaluator.evaluate(Ljava/lang/Object;Lorg/gradle/groovy/scripts/ScriptSource;Lorg/gradle/api/initialization/dsl/ScriptHandler;Lorg/gradle/api/internal/initialization/ClassLoaderScope;Lorg/gradle/api/internal/initialization/ClassLoaderScope;ZLjava/util/EnumSet;)V+163
j  org.gradle.kotlin.dsl.provider.KotlinScriptPluginFactory$create$1.invoke(Ljava/lang/Object;)V+41
j  org.gradle.kotlin.dsl.provider.KotlinScriptPluginFactory$create$1.invoke(Ljava/lang/Object;)Ljava/lang/Object;+2
j  org.gradle.kotlin.dsl.provider.KotlinScriptPlugin.apply(Ljava/lang/Object;)V+22
j  org.gradle.configuration.BuildOperationScriptPlugin$1.run(Lorg/gradle/internal/operations/BuildOperationContext;)V+11
j  org.gradle.internal.operations.DefaultBuildOperationRunner$1.execute(Lorg/gradle/internal/operations/RunnableBuildOperation;Lorg/gradle/internal/operations/BuildOperationContext;)V+2
j  org.gradle.internal.operations.DefaultBuildOperationRunner$1.execute(Lorg/gradle/internal/operations/BuildOperation;Lorg/gradle/internal/operations/BuildOperationContext;)V+6
j  org.gradle.internal.operations.DefaultBuildOperationRunner$2.execute(Lorg/gradle/internal/operations/BuildOperationDescriptor;Lorg/gradle/internal/operations/BuildOperationState;Lorg/gradle/internal/operations/BuildOperationState;Lorg/gradle/internal/operations/DefaultBuildOperationRunner$ReadableBuildOperationContext;Lorg/gradle/internal/operations/DefaultBuildOperationRunner$BuildOperationExecutionListener;)Lorg/gradle/internal/operations/BuildOperation;+22
j  org.gradle.internal.operations.DefaultBuildOperationRunner$2.execute(Lorg/gradle/internal/operations/BuildOperationDescriptor;Lorg/gradle/internal/operations/BuildOperationState;Lorg/gradle/internal/operations/BuildOperationState;Lorg/gradle/internal/operations/DefaultBuildOperationRunner$ReadableBuildOperationContext;Lorg/gradle/internal/operations/DefaultBuildOperationRunner$BuildOperationExecutionListener;)Ljava/lang/Object;+8
j  org.gradle.internal.operations.DefaultBuildOperationRunner.execute(Lorg/gradle/internal/operations/BuildOperationDescriptor$Builder;Lorg/gradle/internal/operations/BuildOperationState;Lorg/gradle/internal/operations/DefaultBuildOperationRunner$BuildOperationExecution;)Ljava/lang/Object;+141
j  org.gradle.internal.operations.DefaultBuildOperationRunner.execute(Lorg/gradle/internal/operations/BuildOperation;Lorg/gradle/internal/operations/BuildOperationWorker;Lorg/gradle/internal/operations/BuildOperationState;)V+18
j  org.gradle.internal.operations.DefaultBuildOperationRunner.run(Lorg/gradle/internal/operations/RunnableBuildOperation;)V+9
j  org.gradle.configuration.BuildOperationScriptPlugin.lambda$apply$0(Ljava/lang/Object;Lorg/gradle/internal/code/UserCodeApplicationId;)V+14
j  org.gradle.configuration.BuildOperationScriptPlugin$$Lambda$475+0x00007fc77c47de70.execute(Ljava/lang/Object;)V+12
j  org.gradle.internal.code.DefaultUserCodeApplicationContext.apply(Lorg/gradle/internal/code/UserCodeSource;Lorg/gradle/api/Action;)V+37
j  org.gradle.configuration.BuildOperationScriptPlugin.apply(Ljava/lang/Object;)V+71
j  org.gradle.initialization.ScriptEvaluatingSettingsProcessor.applySettingsScript(Lorg/gradle/groovy/scripts/TextResourceScriptSource;Lorg/gradle/api/internal/SettingsInternal;)V+32
j  org.gradle.initialization.ScriptEvaluatingSettingsProcessor.process(Lorg/gradle/api/internal/GradleInternal;Lorg/gradle/initialization/SettingsLocation;Lorg/gradle/api/internal/initialization/ClassLoaderScope;Lorg/gradle/StartParameter;)Lorg/gradle/initialization/SettingsState;+90
j  org.gradle.initialization.SettingsEvaluatedCallbackFiringSettingsProcessor.process(Lorg/gradle/api/internal/GradleInternal;Lorg/gradle/initialization/SettingsLocation;Lorg/gradle/api/internal/initialization/ClassLoaderScope;Lorg/gradle/StartParameter;)Lorg/gradle/initialization/SettingsState;+9
j  org.gradle.initialization.RootBuildCacheControllerSettingsProcessor.process(Lorg/gradle/api/internal/GradleInternal;Lorg/gradle/initialization/SettingsLocation;Lorg/gradle/api/internal/initialization/ClassLoaderScope;Lorg/gradle/StartParameter;)Lorg/gradle/initialization/SettingsState;+9
j  org.gradle.initialization.BuildOperationSettingsProcessor$2.call(Lorg/gradle/internal/operations/BuildOperationContext;)Lorg/gradle/initialization/SettingsState;+23
j  org.gradle.initialization.BuildOperationSettingsProcessor$2.call(Lorg/gradle/internal/operations/BuildOperationContext;)Ljava/lang/Object;+2
j  org.gradle.internal.operations.DefaultBuildOperationRunner$CallableBuildOperationWorker.execute(Lorg/gradle/internal/operations/CallableBuildOperation;Lorg/gradle/internal/operations/BuildOperationContext;)V+3
j  org.gradle.internal.operations.DefaultBuildOperationRunner$CallableBuildOperationWorker.execute(Lorg/gradle/internal/operations/BuildOperation;Lorg/gradle/internal/operations/BuildOperationContext;)V+6
j  org.gradle.internal.operations.DefaultBuildOperationRunner$2.execute(Lorg/gradle/internal/operations/BuildOperationDescriptor;Lorg/gradle/internal/operations/BuildOperationState;Lorg/gradle/internal/operations/BuildOperationState;Lorg/gradle/internal/operations/DefaultBuildOperationRunner$ReadableBuildOperationContext;Lorg/gradle/internal/operations/DefaultBuildOperationRunner$BuildOperationExecutionListener;)Lorg/gradle/internal/operations/BuildOperation;+22
j  org.gradle.internal.operations.DefaultBuildOperationRunner$2.execute(Lorg/gradle/internal/operations/BuildOperationDescriptor;Lorg/gradle/internal/operations/BuildOperationState;Lorg/gradle/internal/operations/BuildOperationState;Lorg/gradle/internal/operations/DefaultBuildOperationRunner$ReadableBuildOperationContext;Lorg/gradle/internal/operations/DefaultBuildOperationRunner$BuildOperationExecutionListener;)Ljava/lang/Object;+8
j  org.gradle.internal.operations.DefaultBuildOperationRunner.execute(Lorg/gradle/internal/operations/BuildOperationDescriptor$Builder;Lorg/gradle/internal/operations/BuildOperationState;Lorg/gradle/internal/operations/DefaultBuildOperationRunner$BuildOperationExecution;)Ljava/lang/Object;+141
j  org.gradle.internal.operations.DefaultBuildOperationRunner.execute(Lorg/gradle/internal/operations/BuildOperation;Lorg/gradle/internal/operations/BuildOperationWorker;Lorg/gradle/internal/operations/BuildOperationState;)V+18
j  org.gradle.internal.operations.DefaultBuildOperationRunner.call(Lorg/gradle/internal/operations/CallableBuildOperation;)Ljava/lang/Object;+16
j  org.gradle.initialization.BuildOperationSettingsProcessor.process(Lorg/gradle/api/internal/GradleInternal;Lorg/gradle/initialization/SettingsLocation;Lorg/gradle/api/internal/initialization/ClassLoaderScope;Lorg/gradle/StartParameter;)Lorg/gradle/initialization/SettingsState;+17
j  org.gradle.initialization.DefaultSettingsLoader.findSettingsAndLoadIfAppropriate(Lorg/gradle/api/internal/GradleInternal;Lorg/gradle/StartParameter;Lorg/gradle/initialization/SettingsLocation;Lorg/gradle/api/internal/initialization/ClassLoaderScope;)Lorg/gradle/initialization/SettingsState;+9
j  org.gradle.initialization.DefaultSettingsLoader.findAndLoadSettings(Lorg/gradle/api/internal/GradleInternal;)Lorg/gradle/initialization/SettingsState;+33
j  org.gradle.initialization.SettingsAttachingSettingsLoader.findAndLoadSettings(Lorg/gradle/api/internal/GradleInternal;)Lorg/gradle/initialization/SettingsState;+5
j  org.gradle.internal.composite.CommandLineIncludedBuildSettingsLoader.findAndLoadSettings(Lorg/gradle/api/internal/GradleInternal;)Lorg/gradle/initialization/SettingsState;+5
j  org.gradle.internal.composite.ChildBuildRegisteringSettingsLoader.findAndLoadSettings(Lorg/gradle/api/internal/GradleInternal;)Lorg/gradle/initialization/SettingsState;+5
j  org.gradle.internal.composite.CompositeBuildSettingsLoader.findAndLoadSettings(Lorg/gradle/api/internal/GradleInternal;)Lorg/gradle/initialization/SettingsState;+5
j  org.gradle.initialization.InitScriptHandlingSettingsLoader.findAndLoadSettings(Lorg/gradle/api/internal/GradleInternal;)Lorg/gradle/initialization/SettingsState;+13
j  org.gradle.api.internal.initialization.CacheConfigurationsHandlingSettingsLoader.findAndLoadSettings(Lorg/gradle/api/internal/GradleInternal;)Lorg/gradle/initialization/SettingsState;+15
j  org.gradle.initialization.GradlePropertiesHandlingSettingsLoader.findAndLoadSettings(Lorg/gradle/api/internal/GradleInternal;)Lorg/gradle/initialization/SettingsState;+40
j  org.gradle.initialization.DefaultSettingsPreparer.prepareSettings(Lorg/gradle/api/internal/GradleInternal;)V+33
j  org.gradle.initialization.BuildOperationFiringSettingsPreparer$LoadBuild.doLoadBuild()V+11
j  org.gradle.initialization.BuildOperationFiringSettingsPreparer$LoadBuild.run(Lorg/gradle/internal/operations/BuildOperationContext;)V+1
j  org.gradle.internal.operations.DefaultBuildOperationRunner$1.execute(Lorg/gradle/internal/operations/RunnableBuildOperation;Lorg/gradle/internal/operations/BuildOperationContext;)V+2
j  org.gradle.internal.operations.DefaultBuildOperationRunner$1.execute(Lorg/gradle/internal/operations/BuildOperation;Lorg/gradle/internal/operations/BuildOperationContext;)V+6
j  org.gradle.internal.operations.DefaultBuildOperationRunner$2.execute(Lorg/gradle/internal/operations/BuildOperationDescriptor;Lorg/gradle/internal/operations/BuildOperationState;Lorg/gradle/internal/operations/BuildOperationState;Lorg/gradle/internal/operations/DefaultBuildOperationRunner$ReadableBuildOperationContext;Lorg/gradle/internal/operations/DefaultBuildOperationRunner$BuildOperationExecutionListener;)Lorg/gradle/internal/operations/BuildOperation;+22
j  org.gradle.internal.operations.DefaultBuildOperationRunner$2.execute(Lorg/gradle/internal/operations/BuildOperationDescriptor;Lorg/gradle/internal/operations/BuildOperationState;Lorg/gradle/internal/operations/BuildOperationState;Lorg/gradle/internal/operations/DefaultBuildOperationRunner$ReadableBuildOperationContext;Lorg/gradle/internal/operations/DefaultBuildOperationRunner$BuildOperationExecutionListener;)Ljava/lang/Object;+8
j  org.gradle.internal.operations.DefaultBuildOperationRunner.execute(Lorg/gradle/internal/operations/BuildOperationDescriptor$Builder;Lorg/gradle/internal/operations/BuildOperationState;Lorg/gradle/internal/operations/DefaultBuildOperationRunner$BuildOperationExecution;)Ljava/lang/Object;+141
j  org.gradle.internal.operations.DefaultBuildOperationRunner.execute(Lorg/gradle/internal/operations/BuildOperation;Lorg/gradle/internal/operations/BuildOperationWorker;Lorg/gradle/internal/operations/BuildOperationState;)V+18
j  org.gradle.internal.operations.DefaultBuildOperationRunner.run(Lorg/gradle/internal/operations/RunnableBuildOperation;)V+9
j  org.gradle.initialization.BuildOperationFiringSettingsPreparer.prepareSettings(Lorg/gradle/api/internal/GradleInternal;)V+31
j  org.gradle.initialization.VintageBuildModelController.lambda$prepareSettings$1()V+8
j  org.gradle.initialization.VintageBuildModelController$$Lambda$274+0x00007fc77c31e508.run()V+4
j  org.gradle.internal.model.StateTransitionController.lambda$doTransition$14(Ljava/lang/Runnable;)Lorg/gradle/internal/build/ExecutionResult;+1
j  org.gradle.internal.model.StateTransitionController$$Lambda$273+0x00007fc77c31e2e0.get()Ljava/lang/Object;+4
j  org.gradle.internal.model.StateTransitionController.doTransition(Lorg/gradle/internal/model/StateTransitionController$State;Lorg/gradle/internal/model/StateTransitionController$State;Ljava/util/function/Supplier;)Lorg/gradle/internal/build/ExecutionResult;+24
j  org.gradle.internal.model.StateTransitionController.doTransition(Lorg/gradle/internal/model/StateTransitionController$State;Lorg/gradle/internal/model/StateTransitionController$State;Ljava/lang/Runnable;)V+9
j  org.gradle.internal.model.StateTransitionController.lambda$transitionIfNotPreviously$11(Lorg/gradle/internal/model/StateTransitionController$State;Lorg/gradle/internal/model/StateTransitionController$State;Ljava/lang/Runnable;)V+16
j  org.gradle.internal.model.StateTransitionController$$Lambda$275+0x00007fc77c31e730.run()V+16
j  org.gradle.internal.work.DefaultSynchronizer.withLock(Ljava/lang/Runnable;)V+6
j  org.gradle.internal.model.StateTransitionController.transitionIfNotPreviously(Lorg/gradle/internal/model/StateTransitionController$State;Lorg/gradle/internal/model/StateTransitionController$State;Ljava/lang/Runnable;)V+13
j  org.gradle.initialization.VintageBuildModelController.prepareSettings()V+16
j  org.gradle.initialization.VintageBuildModelController.prepareToScheduleTasks()V+1
j  org.gradle.internal.build.DefaultBuildLifecycleController.lambda$prepareToScheduleTasks$6()V+9
j  org.gradle.internal.build.DefaultBuildLifecycleController$$Lambda$271+0x00007fc77c31de90.run()V+4
j  org.gradle.internal.model.StateTransitionController.lambda$doTransition$14(Ljava/lang/Runnable;)Lorg/gradle/internal/build/ExecutionResult;+1
j  org.gradle.internal.model.StateTransitionController$$Lambda$273+0x00007fc77c31e2e0.get()Ljava/lang/Object;+4
j  org.gradle.internal.model.StateTransitionController.doTransition(Lorg/gradle/internal/model/StateTransitionController$State;Lorg/gradle/internal/model/StateTransitionController$State;Ljava/util/function/Supplier;)Lorg/gradle/internal/build/ExecutionResult;+24
j  org.gradle.internal.model.StateTransitionController.doTransition(Lorg/gradle/internal/model/StateTransitionController$State;Lorg/gradle/internal/model/StateTransitionController$State;Ljava/lang/Runnable;)V+9
j  org.gradle.internal.model.StateTransitionController.lambda$maybeTransition$9(Lorg/gradle/internal/model/StateTransitionController$State;Lorg/gradle/internal/model/StateTransitionController$State;Ljava/lang/Runnable;)V+16
j  org.gradle.internal.model.StateTransitionController$$Lambda$272+0x00007fc77c31e0b8.run()V+16
j  org.gradle.internal.work.DefaultSynchronizer.withLock(Ljava/lang/Runnable;)V+6
j  org.gradle.internal.model.StateTransitionController.maybeTransition(Lorg/gradle/internal/model/StateTransitionController$State;Lorg/gradle/internal/model/StateTransitionController$State;Ljava/lang/Runnable;)V+13
j  org.gradle.internal.build.DefaultBuildLifecycleController.prepareToScheduleTasks()V+16
j  org.gradle.internal.buildtree.DefaultBuildTreeWorkPreparer.scheduleRequestedTasks(Lorg/gradle/internal/buildtree/BuildTreeWorkGraph;Lorg/gradle/execution/EntryTaskSelector;)Lorg/gradle/internal/buildtree/BuildTreeWorkGraph$FinalizedGraph;+4
j  org.gradle.configurationcache.VintageBuildTreeWorkController$scheduleAndRunRequestedTasks$1.apply(Lorg/gradle/internal/buildtree/BuildTreeWorkGraph;)Lorg/gradle/internal/build/ExecutionResult;+18
j  org.gradle.configurationcache.VintageBuildTreeWorkController$scheduleAndRunRequestedTasks$1.apply(Ljava/lang/Object;)Ljava/lang/Object;+5
j  org.gradle.composite.internal.DefaultIncludedBuildTaskGraph.withNewWorkGraph(Ljava/util/function/Function;)Ljava/lang/Object;+30
j  org.gradle.configurationcache.VintageBuildTreeWorkController.scheduleAndRunRequestedTasks(Lorg/gradle/execution/EntryTaskSelector;)Lorg/gradle/internal/build/ExecutionResult;+16
j  org.gradle.internal.buildtree.DefaultBuildTreeLifecycleController.lambda$scheduleAndRunTasks$1(Lorg/gradle/execution/EntryTaskSelector;)Lorg/gradle/internal/build/ExecutionResult;+5
j  org.gradle.internal.buildtree.DefaultBuildTreeLifecycleController$$Lambda$266+0x00007fc77c31cff0.get()Ljava/lang/Object;+8
j  org.gradle.internal.buildtree.DefaultBuildTreeLifecycleController.lambda$runBuild$4(Ljava/util/function/Supplier;)Ljava/lang/Object;+1
j  org.gradle.internal.buildtree.DefaultBuildTreeLifecycleController$$Lambda$267+0x00007fc77c31d218.get()Ljava/lang/Object;+8
j  org.gradle.internal.model.StateTransitionController.lambda$transition$6(Ljava/util/function/Supplier;)Lorg/gradle/internal/build/ExecutionResult;+1
j  org.gradle.internal.model.StateTransitionController$$Lambda$269+0x00007fc77c31d668.get()Ljava/lang/Object;+4
j  org.gradle.internal.model.StateTransitionController.doTransition(Lorg/gradle/internal/model/StateTransitionController$State;Lorg/gradle/internal/model/StateTransitionController$State;Ljava/util/function/Supplier;)Lorg/gradle/internal/build/ExecutionResult;+24
j  org.gradle.internal.model.StateTransitionController.lambda$transition$7(Lorg/gradle/internal/model/StateTransitionController$State;Lorg/gradle/internal/model/StateTransitionController$State;Ljava/util/function/Supplier;)Ljava/lang/Object;+9
j  org.gradle.internal.model.StateTransitionController$$Lambda$268+0x00007fc77c31d440.create()Ljava/lang/Object;+16
j  org.gradle.internal.work.DefaultSynchronizer.withLock(Lorg/gradle/internal/Factory;)Ljava/lang/Object;+6
j  org.gradle.internal.model.StateTransitionController.transition(Lorg/gradle/internal/model/StateTransitionController$State;Lorg/gradle/internal/model/StateTransitionController$State;Ljava/util/function/Supplier;)Ljava/lang/Object;+13
j  org.gradle.internal.buildtree.DefaultBuildTreeLifecycleController.runBuild(Ljava/util/function/Supplier;)Ljava/lang/Object;+17
j  org.gradle.internal.buildtree.DefaultBuildTreeLifecycleController.scheduleAndRunTasks(Lorg/gradle/execution/EntryTaskSelector;)V+8
j  org.gradle.internal.buildtree.DefaultBuildTreeLifecycleController.scheduleAndRunTasks()V+2
j  org.gradle.tooling.internal.provider.ExecuteBuildActionRunner.run(Lorg/gradle/internal/invocation/BuildAction;Lorg/gradle/internal/buildtree/BuildTreeLifecycleController;)Lorg/gradle/internal/buildtree/BuildActionRunner$Result;+12
j  org.gradle.launcher.exec.ChainingBuildActionRunner.run(Lorg/gradle/internal/invocation/BuildAction;Lorg/gradle/internal/buildtree/BuildTreeLifecycleController;)Lorg/gradle/internal/buildtree/BuildActionRunner$Result;+34
j  org.gradle.internal.buildtree.ProblemReportingBuildActionRunner.run(Lorg/gradle/internal/invocation/BuildAction;Lorg/gradle/internal/buildtree/BuildTreeLifecycleController;)Lorg/gradle/internal/buildtree/BuildActionRunner$Result;+12
j  org.gradle.launcher.exec.BuildOutcomeReportingBuildActionRunner.run(Lorg/gradle/internal/invocation/BuildAction;Lorg/gradle/internal/buildtree/BuildTreeLifecycleController;)Lorg/gradle/internal/buildtree/BuildActionRunner$Result;+69
j  org.gradle.tooling.internal.provider.FileSystemWatchingBuildActionRunner.run(Lorg/gradle/internal/invocation/BuildAction;Lorg/gradle/internal/buildtree/BuildTreeLifecycleController;)Lorg/gradle/internal/buildtree/BuildActionRunner$Result;+335
j  org.gradle.launcher.exec.BuildCompletionNotifyingBuildActionRunner.run(Lorg/gradle/internal/invocation/BuildAction;Lorg/gradle/internal/buildtree/BuildTreeLifecycleController;)Lorg/gradle/internal/buildtree/BuildActionRunner$Result;+6
j  org.gradle.launcher.exec.RootBuildLifecycleBuildActionExecutor.lambda$execute$0(Lorg/gradle/internal/invocation/BuildAction;Lorg/gradle/internal/buildtree/BuildTreeLifecycleController;)Lorg/gradle/internal/buildtree/BuildActionRunner$Result;+6
j  org.gradle.launcher.exec.RootBuildLifecycleBuildActionExecutor$$Lambda$259+0x00007fc77c310000.apply(Ljava/lang/Object;)Ljava/lang/Object;+12
j  org.gradle.composite.internal.DefaultRootBuildState.run(Ljava/util/function/Function;)Ljava/lang/Object;+87
j  org.gradle.launcher.exec.RootBuildLifecycleBuildActionExecutor.execute(Lorg/gradle/internal/invocation/BuildAction;Lorg/gradle/internal/buildtree/BuildTreeContext;)Lorg/gradle/internal/buildtree/BuildActionRunner$Result;+28
j  org.gradle.internal.buildtree.InitDeprecationLoggingActionExecutor.execute(Lorg/gradle/internal/invocation/BuildAction;Lorg/gradle/internal/buildtree/BuildTreeContext;)Lorg/gradle/internal/buildtree/BuildActionRunner$Result;+83
j  org.gradle.internal.buildtree.InitProblems.execute(Lorg/gradle/internal/invocation/BuildAction;Lorg/gradle/internal/buildtree/BuildTreeContext;)Lorg/gradle/internal/buildtree/BuildActionRunner$Result;+13
j  org.gradle.internal.buildtree.DefaultBuildTreeContext.execute(Lorg/gradle/internal/invocation/BuildAction;)Lorg/gradle/internal/buildtree/BuildActionRunner$Result;+64
j  org.gradle.launcher.exec.BuildTreeLifecycleBuildActionExecutor.lambda$execute$0(Lorg/gradle/internal/invocation/BuildAction;Lorg/gradle/internal/buildtree/BuildTreeContext;)Lorg/gradle/internal/buildtree/BuildActionRunner$Result;+2
j  org.gradle.launcher.exec.BuildTreeLifecycleBuildActionExecutor$$Lambda$200+0x00007fc77c264cb8.apply(Ljava/lang/Object;)Ljava/lang/Object;+8
j  org.gradle.internal.buildtree.BuildTreeState.run(Ljava/util/function/Function;)Ljava/lang/Object;+45
j  org.gradle.launcher.exec.BuildTreeLifecycleBuildActionExecutor.execute(Lorg/gradle/internal/invocation/BuildAction;Lorg/gradle/internal/session/BuildSessionContext;)Lorg/gradle/internal/buildtree/BuildActionRunner$Result;+74
j  org.gradle.launcher.exec.RunAsBuildOperationBuildActionExecutor$3.call(Lorg/gradle/internal/operations/BuildOperationContext;)Lorg/gradle/internal/buildtree/BuildActionRunner$Result;+25
j  org.gradle.launcher.exec.RunAsBuildOperationBuildActionExecutor$3.call(Lorg/gradle/internal/operations/BuildOperationContext;)Ljava/lang/Object;+2
j  org.gradle.internal.operations.DefaultBuildOperationRunner$CallableBuildOperationWorker.execute(Lorg/gradle/internal/operations/CallableBuildOperation;Lorg/gradle/internal/operations/BuildOperationContext;)V+3
j  org.gradle.internal.operations.DefaultBuildOperationRunner$CallableBuildOperationWorker.execute(Lorg/gradle/internal/operations/BuildOperation;Lorg/gradle/internal/operations/BuildOperationContext;)V+6
j  org.gradle.internal.operations.DefaultBuildOperationRunner$2.execute(Lorg/gradle/internal/operations/BuildOperationDescriptor;Lorg/gradle/internal/operations/BuildOperationState;Lorg/gradle/internal/operations/BuildOperationState;Lorg/gradle/internal/operations/DefaultBuildOperationRunner$ReadableBuildOperationContext;Lorg/gradle/internal/operations/DefaultBuildOperationRunner$BuildOperationExecutionListener;)Lorg/gradle/internal/operations/BuildOperation;+22
j  org.gradle.internal.operations.DefaultBuildOperationRunner$2.execute(Lorg/gradle/internal/operations/BuildOperationDescriptor;Lorg/gradle/internal/operations/BuildOperationState;Lorg/gradle/internal/operations/BuildOperationState;Lorg/gradle/internal/operations/DefaultBuildOperationRunner$ReadableBuildOperationContext;Lorg/gradle/internal/operations/DefaultBuildOperationRunner$BuildOperationExecutionListener;)Ljava/lang/Object;+8
j  org.gradle.internal.operations.DefaultBuildOperationRunner.execute(Lorg/gradle/internal/operations/BuildOperationDescriptor$Builder;Lorg/gradle/internal/operations/BuildOperationState;Lorg/gradle/internal/operations/DefaultBuildOperationRunner$BuildOperationExecution;)Ljava/lang/Object;+141
j  org.gradle.internal.operations.DefaultBuildOperationRunner.execute(Lorg/gradle/internal/operations/BuildOperation;Lorg/gradle/internal/operations/BuildOperationWorker;Lorg/gradle/internal/operations/BuildOperationState;)V+18
j  org.gradle.internal.operations.DefaultBuildOperationRunner.call(Lorg/gradle/internal/operations/CallableBuildOperation;)Ljava/lang/Object;+16
j  org.gradle.launcher.exec.RunAsBuildOperationBuildActionExecutor.execute(Lorg/gradle/internal/invocation/BuildAction;Lorg/gradle/internal/session/BuildSessionContext;)Lorg/gradle/internal/buildtree/BuildActionRunner$Result;+23
j  org.gradle.launcher.exec.RunAsWorkerThreadBuildActionExecutor.lambda$execute$0(Lorg/gradle/internal/invocation/BuildAction;Lorg/gradle/internal/session/BuildSessionContext;)Lorg/gradle/internal/buildtree/BuildActionRunner$Result;+6
j  org.gradle.launcher.exec.RunAsWorkerThreadBuildActionExecutor$$Lambda$194+0x00007fc77c23ce60.create()Ljava/lang/Object;+12
j  org.gradle.internal.work.DefaultWorkerLeaseService.withLocks(Ljava/util/Collection;Lorg/gradle/internal/Factory;)Ljava/lang/Object;+28
j  org.gradle.internal.work.DefaultWorkerLeaseService.runAsWorkerThread(Lorg/gradle/internal/Factory;)Ljava/lang/Object;+33
j  org.gradle.launcher.exec.RunAsWorkerThreadBuildActionExecutor.execute(Lorg/gradle/internal/invocation/BuildAction;Lorg/gradle/internal/session/BuildSessionContext;)Lorg/gradle/internal/buildtree/BuildActionRunner$Result;+12
j  org.gradle.tooling.internal.provider.continuous.ContinuousBuildActionExecutor.execute(Lorg/gradle/internal/invocation/BuildAction;Lorg/gradle/internal/session/BuildSessionContext;)Lorg/gradle/internal/buildtree/BuildActionRunner$Result;+58
j  org.gradle.tooling.internal.provider.SubscribableBuildActionExecutor.execute(Lorg/gradle/internal/invocation/BuildAction;Lorg/gradle/internal/session/BuildSessionContext;)Lorg/gradle/internal/buildtree/BuildActionRunner$Result;+30
j  org.gradle.internal.session.DefaultBuildSessionContext.execute(Lorg/gradle/internal/invocation/BuildAction;)Lorg/gradle/internal/buildtree/BuildActionRunner$Result;+64
j  org.gradle.tooling.internal.provider.BuildSessionLifecycleBuildActionExecuter$ActionImpl.apply(Lorg/gradle/internal/session/BuildSessionContext;)Lorg/gradle/launcher/exec/BuildActionResult;+6
j  org.gradle.tooling.internal.provider.BuildSessionLifecycleBuildActionExecuter$ActionImpl.apply(Ljava/lang/Object;)Ljava/lang/Object;+5
j  org.gradle.internal.session.BuildSessionState.run(Ljava/util/function/Function;)Ljava/lang/Object;+5
j  org.gradle.tooling.internal.provider.BuildSessionLifecycleBuildActionExecuter.execute(Lorg/gradle/internal/invocation/BuildAction;Lorg/gradle/launcher/exec/BuildActionParameters;Lorg/gradle/initialization/BuildRequestContext;)Lorg/gradle/launcher/exec/BuildActionResult;+95
j  org.gradle.tooling.internal.provider.BuildSessionLifecycleBuildActionExecuter.execute(Lorg/gradle/internal/invocation/BuildAction;Ljava/lang/Object;Ljava/lang/Object;)Lorg/gradle/launcher/exec/BuildActionResult;+10
j  org.gradle.tooling.internal.provider.StartParamsValidatingActionExecuter.execute(Lorg/gradle/internal/invocation/BuildAction;Lorg/gradle/launcher/exec/BuildActionParameters;Lorg/gradle/initialization/BuildRequestContext;)Lorg/gradle/launcher/exec/BuildActionResult;+203
j  org.gradle.tooling.internal.provider.StartParamsValidatingActionExecuter.execute(Lorg/gradle/internal/invocation/BuildAction;Ljava/lang/Object;Ljava/lang/Object;)Lorg/gradle/launcher/exec/BuildActionResult;+10
j  org.gradle.tooling.internal.provider.SessionFailureReportingActionExecuter.execute(Lorg/gradle/internal/invocation/BuildAction;Lorg/gradle/launcher/exec/BuildActionParameters;Lorg/gradle/initialization/BuildRequestContext;)Lorg/gradle/launcher/exec/BuildActionResult;+7
j  org.gradle.tooling.internal.provider.SessionFailureReportingActionExecuter.execute(Lorg/gradle/internal/invocation/BuildAction;Ljava/lang/Object;Ljava/lang/Object;)Lorg/gradle/launcher/exec/BuildActionResult;+10
j  org.gradle.tooling.internal.provider.SetupLoggingActionExecuter.execute(Lorg/gradle/internal/invocation/BuildAction;Lorg/gradle/launcher/exec/BuildActionParameters;Lorg/gradle/initialization/BuildRequestContext;)Lorg/gradle/launcher/exec/BuildActionResult;+50
j  org.gradle.tooling.internal.provider.SetupLoggingActionExecuter.execute(Lorg/gradle/internal/invocation/BuildAction;Ljava/lang/Object;Ljava/lang/Object;)Lorg/gradle/launcher/exec/BuildActionResult;+10
j  org.gradle.launcher.daemon.server.exec.ExecuteBuild.doBuild(Lorg/gradle/launcher/daemon/server/api/DaemonCommandExecution;Lorg/gradle/launcher/daemon/protocol/Build;)V+117
j  org.gradle.launcher.daemon.server.exec.BuildCommandOnly.execute(Lorg/gradle/launcher/daemon/server/api/DaemonCommandExecution;)V+49
j  org.gradle.launcher.daemon.server.api.DaemonCommandExecution.proceed()Z+23
j  org.gradle.launcher.daemon.server.exec.WatchForDisconnection.execute(Lorg/gradle/launcher/daemon/server/api/DaemonCommandExecution;)V+19
j  org.gradle.launcher.daemon.server.api.DaemonCommandExecution.proceed()Z+23
j  org.gradle.launcher.daemon.server.exec.ResetDeprecationLogger.execute(Lorg/gradle/launcher/daemon/server/api/DaemonCommandExecution;)V+7
j  org.gradle.launcher.daemon.server.api.DaemonCommandExecution.proceed()Z+23
j  org.gradle.launcher.daemon.server.exec.RequestStopIfSingleUsedDaemon.execute(Lorg/gradle/launcher/daemon/server/api/DaemonCommandExecution;)V+33
j  org.gradle.launcher.daemon.server.api.DaemonCommandExecution.proceed()Z+23
j  org.gradle.launcher.daemon.server.exec.ForwardClientInput.lambda$execute$0(Lorg/gradle/launcher/daemon/server/api/DaemonCommandExecution;Lorg/gradle/launcher/daemon/server/api/StdinHandler;)Ljava/lang/Object;+11
j  org.gradle.launcher.daemon.server.exec.ForwardClientInput$$Lambda$100+0x00007fc77c132c10.apply(Ljava/lang/Object;)Ljava/lang/Object;+8
j  org.gradle.launcher.daemon.server.clientinput.ClientInputForwarder.forwardInput(Ljava/util/function/Function;)Ljava/lang/Object;+60
j  org.gradle.launcher.daemon.server.exec.ForwardClientInput.execute(Lorg/gradle/launcher/daemon/server/api/DaemonCommandExecution;)V+10
j  org.gradle.launcher.daemon.server.api.DaemonCommandExecution.proceed()Z+23
j  org.gradle.launcher.daemon.server.exec.LogAndCheckHealth.execute(Lorg/gradle/launcher/daemon/server/api/DaemonCommandExecution;)V+8
j  org.gradle.launcher.daemon.server.api.DaemonCommandExecution.proceed()Z+23
j  org.gradle.launcher.daemon.server.exec.LogToClient.doBuild(Lorg/gradle/launcher/daemon/server/api/DaemonCommandExecution;Lorg/gradle/launcher/daemon/protocol/Build;)V+87
j  org.gradle.launcher.daemon.server.exec.BuildCommandOnly.execute(Lorg/gradle/launcher/daemon/server/api/DaemonCommandExecution;)V+49
j  org.gradle.launcher.daemon.server.api.DaemonCommandExecution.proceed()Z+23
j  org.gradle.launcher.daemon.server.exec.EstablishBuildEnvironment.doBuild(Lorg/gradle/launcher/daemon/server/api/DaemonCommandExecution;Lorg/gradle/launcher/daemon/protocol/Build;)V+356
j  org.gradle.launcher.daemon.server.exec.BuildCommandOnly.execute(Lorg/gradle/launcher/daemon/server/api/DaemonCommandExecution;)V+49
j  org.gradle.launcher.daemon.server.api.DaemonCommandExecution.proceed()Z+23
j  org.gradle.launcher.daemon.server.exec.StartBuildOrRespondWithBusy$1.run()V+44
j  org.gradle.launcher.daemon.server.DaemonStateCoordinator$1.run()V+4
j  org.gradle.internal.concurrent.ExecutorPolicy$CatchAndRecordFailures.onExecute(Ljava/lang/Runnable;)V+1
j  org.gradle.internal.concurrent.AbstractManagedExecutor$1.run()V+25
j  java.util.concurrent.ThreadPoolExecutor.runWorker(Ljava/util/concurrent/ThreadPoolExecutor$Worker;)V+92 java.base@17.0.16
j  java.util.concurrent.ThreadPoolExecutor$Worker.run()V+5 java.base@17.0.16
j  java.lang.Thread.run()V+11 java.base@17.0.16
v  ~StubRoutines::call_stub

Compiled method (n/a)  101120  624     n 0       java.lang.ClassLoader::defineClass1 (native)
 total in heap  [0x00007fc7d1048810,0x00007fc7d1048c18] = 1032
 relocation     [0x00007fc7d1048970,0x00007fc7d10489a0] = 48
 main code      [0x00007fc7d10489a0,0x00007fc7d1048c18] = 632

[Constant Pool (empty)]

[MachCode]
[Entry Point]
  # {method} {0x00007fc77b0111a8} 'defineClass1' '(Ljava/lang/ClassLoader;Ljava/lang/String;[BIILjava/security/ProtectionDomain;Ljava/lang/String;)Ljava/lang/Class;' in 'java/lang/ClassLoader'
  # parm0:    rsi:rsi   = 'java/lang/ClassLoader'
  # parm1:    rdx:rdx   = 'java/lang/String'
  # parm2:    rcx:rcx   = '[B'
  # parm3:    r8        = int
  # parm4:    r9        = int
  # parm5:    rdi:rdi   = 'java/security/ProtectionDomain'
  # parm6:    [sp+0x70]   = 'java/lang/String'  (sp of caller)
  0x00007fc7d10489a0: 448b 5608 | 49bb 0000 | 007b c77f | 0000 4d03 | d349 3bc2 | 0f84 0600 

  0x00007fc7d10489b8: ;   {runtime_call ic_miss_stub}
  0x00007fc7d10489b8: 0000 e9c1 | d7a8 ff90 
[Verified Entry Point]
  0x00007fc7d10489c0: 8984 2400 | c0fe ff55 | 488b ec48 | 83ec 6048 | 817d 1000 | 0000 0048 | 8d45 1048 | 0f44 4510 
  0x00007fc7d10489e0: 4889 4424 | 1048 897c | 2440 4883 | ff00 488d | 4424 4048 | 0f44 4424 | 4048 8944 | 2408 4c89 
  0x00007fc7d1048a00: 0c24 4d8b | c848 894c | 2428 4883 | f900 4c8d | 4424 284c | 0f44 4424 | 2848 8954 | 2420 4883 
  0x00007fc7d1048a20: fa00 488d | 4c24 2048 | 0f44 4c24 | 2048 8974 | 2418 4883 | fe00 488d | 5424 1848 | 0f44 5424 
  0x00007fc7d1048a40: ;   {oop(a 'java/lang/Class'{0x0000000700307f90} = 'java/lang/ClassLoader')}
  0x00007fc7d1048a40: 1849 be90 | 7f30 0007 | 0000 004c | 8974 2448 | 4c8d 7424 | 4849 8bf6 

  0x00007fc7d1048a58: ;   {internal_word}
  0x00007fc7d1048a58: c5f8 7749 | ba58 8a04 | d1c7 7f00 | 004d 8997 | 9802 0000 | 4989 a790 

  0x00007fc7d1048a70: ;   {external_word}
  0x00007fc7d1048a70: 0200 0080 | 3dab 96fc | 1600 0f84 | 3e00 0000 | 5652 5141 

  0x00007fc7d1048a84: ;   {metadata({method} {0x00007fc77b0111a8} 'defineClass1' '(Ljava/lang/ClassLoader;Ljava/lang/String;[BIILjava/security/ProtectionDomain;Ljava/lang/String;)Ljava/lang/Class;' in 'java/lang/ClassLoader')}
  0x00007fc7d1048a84: 5041 5148 | bea8 1101 | 7bc7 7f00 | 0049 8bff | f7c4 0f00 | 0000 0f84 | 1200 0000 | 4883 ec08 
  0x00007fc7d1048aa4: ;   {runtime_call SharedRuntime::dtrace_method_entry(JavaThread*, Method*)}
  0x00007fc7d1048aa4: e887 7598 | 1648 83c4 | 08e9 0500 

  0x00007fc7d1048ab0: ;   {runtime_call SharedRuntime::dtrace_method_entry(JavaThread*, Method*)}
  0x00007fc7d1048ab0: 0000 e879 | 7598 1641 | 5941 5859 | 5a5e 498d | bfb0 0200 | 0041 c787 | 3803 0000 | 0400 0000 
  0x00007fc7d1048ad0: ;   {runtime_call Java_java_lang_ClassLoader_defineClass1}
  0x00007fc7d1048ad0: e84b b985 | 15c5 f877 | 41c7 8738 | 0300 0005 | 0000 00f0 | 8344 24c0 | 0049 3baf | 4003 0000 
  0x00007fc7d1048af0: 0f87 1100 | 0000 4181 | bf28 0300 | 0000 0000 | 000f 8424 | 0000 00c5 | f877 4889 | 45f8 498b 
  0x00007fc7d1048b10: ff4c 8be4 | 4883 ec00 | 4883 e4f0 

  0x00007fc7d1048b1c: ;   {runtime_call JavaThread::check_special_condition_for_native_trans(JavaThread*)}
  0x00007fc7d1048b1c: e87f 82b4 | 1649 8be4 | 4d33 e448 | 8b45 f841 | c787 3803 | 0000 0800 | 0000 4181 | bfa8 0300 
  0x00007fc7d1048b3c: 0002 0000 | 000f 84a6 

  0x00007fc7d1048b44: ;   {external_word}
  0x00007fc7d1048b44: 0000 0080 | 3dd7 95fc | 1600 0f84 | 3800 0000 | 4889 45f8 

  0x00007fc7d1048b58: ;   {metadata({method} {0x00007fc77b0111a8} 'defineClass1' '(Ljava/lang/ClassLoader;Ljava/lang/String;[BIILjava/security/ProtectionDomain;Ljava/lang/String;)Ljava/lang/Class;' in 'java/lang/ClassLoader')}
  0x00007fc7d1048b58: 48be a811 | 017b c77f | 0000 498b | fff7 c40f | 0000 000f | 8412 0000 | 0048 83ec 

  0x00007fc7d1048b74: ;   {runtime_call SharedRuntime::dtrace_method_exit(JavaThread*, Method*)}
  0x00007fc7d1048b74: 08e8 6675 | 9816 4883 | c408 e905 

  0x00007fc7d1048b80: ;   {runtime_call SharedRuntime::dtrace_method_exit(JavaThread*, Method*)}
  0x00007fc7d1048b80: 0000 00e8 | 5875 9816 | 488b 45f8 | 49c7 8790 | 0200 0000 | 0000 0049 | c787 9802 | 0000 0000 
  0x00007fc7d1048ba0: 0000 c5f8 | 7748 85c0 | 0f84 1900 | 0000 48f7 | c001 0000 | 000f 8409 | 0000 0048 | 8b40 ffe9 
  0x00007fc7d1048bc0: 0300 0000 | 488b 0049 | 8b8f d800 | 0000 c781 | 0001 0000 | 0000 0000 | c949 817f | 0800 0000 
  0x00007fc7d1048be0: 000f 8501 | 0000 00c3 

  0x00007fc7d1048be8: ;   {runtime_call StubRoutines (1)}
  0x00007fc7d1048be8: e913 d0a3 | ffc5 f877 | 4889 45f8 | 4c8b e448 | 83ec 0048 

  0x00007fc7d1048bfc: ;   {runtime_call SharedRuntime::reguard_yellow_pages()}
  0x00007fc7d1048bfc: 83e4 f0e8 | 8c83 9816 | 498b e44d | 33e4 488b | 45f8 e934 | ffff fff4 | f4f4 f4f4 
[/MachCode]


Compiled method (c1)  101138 7303       3       java.lang.ClassLoader::defineClass (43 bytes)
 total in heap  [0x00007fc7c9fefa10,0x00007fc7c9ff0320] = 2320
 relocation     [0x00007fc7c9fefb70,0x00007fc7c9fefc00] = 144
 main code      [0x00007fc7c9fefc00,0x00007fc7c9ff0080] = 1152
 stub code      [0x00007fc7c9ff0080,0x00007fc7c9ff00f0] = 112
 metadata       [0x00007fc7c9ff00f0,0x00007fc7c9ff0120] = 48
 scopes data    [0x00007fc7c9ff0120,0x00007fc7c9ff0210] = 240
 scopes pcs     [0x00007fc7c9ff0210,0x00007fc7c9ff02f0] = 224
 dependencies   [0x00007fc7c9ff02f0,0x00007fc7c9ff02f8] = 8
 nul chk table  [0x00007fc7c9ff02f8,0x00007fc7c9ff0320] = 40

[Constant Pool (empty)]

[MachCode]
[Entry Point]
  # {method} {0x00007fc77b010f40} 'defineClass' '(Ljava/lang/String;[BIILjava/security/ProtectionDomain;)Ljava/lang/Class;' in 'java/lang/ClassLoader'
  # this:     rsi:rsi   = 'java/lang/ClassLoader'
  # parm0:    rdx:rdx   = 'java/lang/String'
  # parm1:    rcx:rcx   = '[B'
  # parm2:    r8        = int
  # parm3:    r9        = int
  # parm4:    rdi:rdi   = 'java/security/ProtectionDomain'
  #           [sp+0xc0]  (sp of caller)
  0x00007fc7c9fefc00: 448b 5608 | 49bb 0000 | 007b c77f | 0000 4d03 | d34c 3bd0 

  0x00007fc7c9fefc14: ;   {runtime_call ic_miss_stub}
  0x00007fc7c9fefc14: 0f85 6665 | ae06 660f | 1f44 0000 
[Verified Entry Point]
  0x00007fc7c9fefc20: 8984 2400 | c0fe ff55 | 4881 ecb0 | 0000 0048 | 8974 2478 

  0x00007fc7c9fefc34: ;   {metadata(method data for {method} {0x00007fc77b010f40} 'defineClass' '(Ljava/lang/String;[BIILjava/security/ProtectionDomain;)Ljava/lang/Class;' in 'java/lang/ClassLoader')}
  0x00007fc7c9fefc34: 48bb f09d | 1277 c77f | 0000 8b83 | f400 0000 | 83c0 0289 | 83f4 0000 | 0081 e0fe | 0700 0083 
  0x00007fc7c9fefc54: f800 0f84 | 4603 0000 | 4489 8c24 | 9400 0000 | 4489 8424 | 9000 0000 | 4889 8c24 | 8800 0000 
  0x00007fc7c9fefc74: ;   {metadata(method data for {method} {0x00007fc77b010f40} 'defineClass' '(Ljava/lang/String;[BIILjava/security/ProtectionDomain;)Ljava/lang/Class;' in 'java/lang/ClassLoader')}
  0x00007fc7c9fefc74: 488b de48 | b8f0 9d12 | 77c7 7f00 | 0048 8380 | 3801 0000 | 0148 8bda | 488b d348 | 8bcf 488b 
  0x00007fc7c9fefc94: fe48 8bf7 | 4889 9c24 | 8000 0000 | 0f1f 8000 

  0x00007fc7c9fefca4: ;   {optimized virtual_call}
  0x00007fc7c9fefca4: 0000 00e8 

  0x00007fc7c9fefca8: ; ImmutableOopMap {[120]=Oop [136]=Oop [128]=Oop }
                      ;*invokevirtual preDefineClass {reexecute=0 rethrow=0 return_oop=0}
                      ; - java.lang.ClassLoader::defineClass@4 (line 1015)
  0x00007fc7c9fefca8: 74ab 68ff | 4889 8424 | 9800 0000 | 488b 7424 

  0x00007fc7c9fefcb8: ;   {metadata(method data for {method} {0x00007fc77b010f40} 'defineClass' '(Ljava/lang/String;[BIILjava/security/ProtectionDomain;)Ljava/lang/Class;' in 'java/lang/ClassLoader')}
  0x00007fc7c9fefcb8: 7848 baf0 | 9d12 77c7 | 7f00 0048 | 8382 7001 

  0x00007fc7c9fefcc8: ;   {metadata(method data for {method} {0x00007fc77b011150} 'defineClassSourceLocation' '(Ljava/security/ProtectionDomain;)Ljava/lang/String;' in 'java/lang/ClassLoader')}
  0x00007fc7c9fefcc8: 0000 0148 | ba10 0118 | 77c7 7f00 | 008b b2f4 | 0000 0083 | c602 89b2 | f400 0000 | 81e6 feff 
  0x00007fc7c9fefce8: 1f00 83fe | 000f 84d0 | 0200 0048 | 3b00 488b 

  0x00007fc7c9fefcf8: ;   {metadata(method data for {method} {0x00007fc77b011150} 'defineClassSourceLocation' '(Ljava/security/ProtectionDomain;)Ljava/lang/String;' in 'java/lang/ClassLoader')}
  0x00007fc7c9fefcf8: d048 be10 | 0118 77c7 | 7f00 0048 | 8386 3801 | 0000 018b | 5010 48c1 | e203 4883 

  0x00007fc7c9fefd14: ;   {metadata(method data for {method} {0x00007fc77b011150} 'defineClassSourceLocation' '(Ljava/security/ProtectionDomain;)Ljava/lang/String;' in 'java/lang/ClassLoader')}
  0x00007fc7c9fefd14: fa00 48be | 1001 1877 | c77f 0000 | 48c7 c780 | 0100 000f | 8507 0000 | 0048 c7c7 | 7001 0000 
  0x00007fc7c9fefd34: 488b 1c3e | 488d 5b01 | 4889 1c3e | 0f85 0f00 

  0x00007fc7c9fefd44: ;   {oop(NULL)}
  0x00007fc7c9fefd44: 0000 48bb | 0000 0000 | 0000 0000 | e9a2 0100 | 0048 3b02 

  0x00007fc7c9fefd58: ;   {metadata(method data for {method} {0x00007fc77b011150} 'defineClassSourceLocation' '(Ljava/security/ProtectionDomain;)Ljava/lang/String;' in 'java/lang/ClassLoader')}
  0x00007fc7c9fefd58: 488b f248 | bf10 0118 | 77c7 7f00 | 0048 8387 | 9001 0000 | 018b 720c | 48c1 e603 | 4883 fe00 
  0x00007fc7c9fefd78: ;   {metadata(method data for {method} {0x00007fc77b011150} 'defineClassSourceLocation' '(Ljava/security/ProtectionDomain;)Ljava/lang/String;' in 'java/lang/ClassLoader')}
  0x00007fc7c9fefd78: 48bf 1001 | 1877 c77f | 0000 48c7 | c3d8 0100 | 000f 8507 | 0000 0048 | c7c3 c801 | 0000 488b 
  0x00007fc7c9fefd98: 0c1f 488d | 4901 4889 | 0c1f 0f85 | 0f00 0000 

  0x00007fc7c9fefda8: ;   {oop(NULL)}
  0x00007fc7c9fefda8: 48bb 0000 | 0000 0000 | 0000 e940 

  0x00007fc7c9fefdb4: ;   {metadata(method data for {method} {0x00007fc77b011150} 'defineClassSourceLocation' '(Ljava/security/ProtectionDomain;)Ljava/lang/String;' in 'java/lang/ClassLoader')}
  0x00007fc7c9fefdb4: 0100 0048 | bf10 0118 | 77c7 7f00 | 0048 8387 | e801 0000 | 0148 3b06 

  0x00007fc7c9fefdcc: ;   {metadata(method data for {method} {0x00007fc77b011150} 'defineClassSourceLocation' '(Ljava/security/ProtectionDomain;)Ljava/lang/String;' in 'java/lang/ClassLoader')}
  0x00007fc7c9fefdcc: 488b d648 | bf10 0118 | 77c7 7f00 | 0048 8387 | 2002 0000 

  0x00007fc7c9fefde0: ;   {metadata(method data for {method} {0x00007fc77b068000} 'toString' '()Ljava/lang/String;' in 'java/net/URL')}
  0x00007fc7c9fefde0: 0148 bac0 | c210 77c7 | 7f00 008b | baf4 0000 | 0083 c702 | 89ba f400 | 0000 81e7 | feff 1f00 
  0x00007fc7c9fefe00: 83ff 000f | 84ea 0100 | 0048 8bd6 

  0x00007fc7c9fefe0c: ;   {metadata(method data for {method} {0x00007fc77b068000} 'toString' '()Ljava/lang/String;' in 'java/net/URL')}
  0x00007fc7c9fefe0c: 48bf c0c2 | 1077 c77f | 0000 4883 | 8738 0100 

  0x00007fc7c9fefe1c: ;   {metadata(method data for {method} {0x00007fc77b068898} 'toExternalForm' '()Ljava/lang/String;' in 'java/net/URL')}
  0x00007fc7c9fefe1c: 0001 48ba | 70c4 1077 | c77f 0000 | 8bba f400 | 0000 83c7 | 0289 baf4 | 0000 0081 | e7fe ff1f 
  0x00007fc7c9fefe3c: 0083 ff00 | 0f84 ce01 | 0000 8b7e | 3848 c1e7 | 0348 3b07 

  0x00007fc7c9fefe50: ;   {metadata(method data for {method} {0x00007fc77b068898} 'toExternalForm' '()Ljava/lang/String;' in 'java/net/URL')}
  0x00007fc7c9fefe50: 488b d748 | bb70 c410 | 77c7 7f00 | 008b 5208 | 49ba 0000 | 007b c77f | 0000 4903 | d248 3b93 
  0x00007fc7c9fefe70: 4801 0000 | 750d 4883 | 8350 0100 | 0001 e966 | 0000 0048 | 3b93 5801 | 0000 750d | 4883 8360 
  0x00007fc7c9fefe90: 0100 0001 | e950 0000 | 0048 81bb | 4801 0000 | 0000 0000 | 7517 4889 | 9348 0100 | 0048 c783 
  0x00007fc7c9fefeb0: 5001 0000 | 0100 0000 | e92c 0000 | 0048 81bb | 5801 0000 | 0000 0000 | 7517 4889 | 9358 0100 
  0x00007fc7c9fefed0: 0048 c783 | 6001 0000 | 0100 0000 | e908 0000 | 0048 8383 | 3801 0000 | 0148 8bd6 

  0x00007fc7c9fefeec: ;   {optimized virtual_call}
  0x00007fc7c9fefeec: 488b f7e8 

  0x00007fc7c9fefef0: ; ImmutableOopMap {[120]=Oop [136]=Oop [128]=Oop [152]=Oop }
                      ;*invokevirtual toExternalForm {reexecute=0 rethrow=0 return_oop=0}
                      ; - java.net.URL::toExternalForm@5 (line 1039)
                      ; - java.net.URL::toString@1 (line 1025)
                      ; - java.lang.ClassLoader::defineClassSourceLocation@22 (line 917)
                      ; - java.lang.ClassLoader::defineClass@12 (line 1016)
  0x00007fc7c9fefef0: 6c31 5007 | 488b d848 | 8b84 2498 | 0000 0044 | 8b8c 2494 | 0000 0044 | 8b84 2490 | 0000 0048 
  0x00007fc7c9feff10: 8b8c 2488 | 0000 0048 | 8b94 2480 | 0000 0048 | 8b74 2478 

  0x00007fc7c9feff24: ;   {metadata(method data for {method} {0x00007fc77b010f40} 'defineClass' '(Ljava/lang/String;[BIILjava/security/ProtectionDomain;)Ljava/lang/Class;' in 'java/lang/ClassLoader')}
  0x00007fc7c9feff24: 48bf f09d | 1277 c77f | 0000 4883 | 87a8 0100 | 0001 4c8b | de49 8bf3 | 488b f848 | 891c 240f 
  0x00007fc7c9feff44: ;   {static_call}
  0x00007fc7c9feff44: 1f40 00e8 

  0x00007fc7c9feff48: ; ImmutableOopMap {[120]=Oop [152]=Oop }
                      ;*invokestatic defineClass1 {reexecute=0 rethrow=0 return_oop=0}
                      ; - java.lang.ClassLoader::defineClass@27 (line 1017)
  0x00007fc7c9feff48: 748a 0507 | 488b 7424 

  0x00007fc7c9feff50: ;   {metadata(method data for {method} {0x00007fc77b010f40} 'defineClass' '(Ljava/lang/String;[BIILjava/security/ProtectionDomain;)Ljava/lang/Class;' in 'java/lang/ClassLoader')}
  0x00007fc7c9feff50: 7848 baf0 | 9d12 77c7 | 7f00 0048 | 8382 b801 | 0000 0148 | 8bd0 488b | 8c24 9800 | 0000 488b 
  0x00007fc7c9feff70: 7424 7848 | 8984 24a0 | 0000 000f 

  0x00007fc7c9feff7c: ;   {optimized virtual_call}
  0x00007fc7c9feff7c: 1f40 00e8 

  0x00007fc7c9feff80: ; ImmutableOopMap {[160]=Oop }
                      ;*invokevirtual postDefineClass {reexecute=0 rethrow=0 return_oop=0}
                      ; - java.lang.ClassLoader::defineClass@37 (line 1018)
  0x00007fc7c9feff80: fc6b 5007 | 488b 8424 | a000 0000 | 4881 c4b0 | 0000 005d 

  0x00007fc7c9feff94: ;   {poll_return}
  0x00007fc7c9feff94: 493b a740 | 0300 000f | 8799 0000 

  0x00007fc7c9feffa0: ;   {metadata({method} {0x00007fc77b010f40} 'defineClass' '(Ljava/lang/String;[BIILjava/security/ProtectionDomain;)Ljava/lang/Class;' in 'java/lang/ClassLoader')}
  0x00007fc7c9feffa0: 00c3 49ba | 400f 017b | c77f 0000 | 4c89 5424 | 0848 c704 | 24ff ffff 

  0x00007fc7c9feffb8: ;   {runtime_call counter_overflow Runtime1 stub}
  0x00007fc7c9feffb8: ffe8 c226 

  0x00007fc7c9feffbc: ; ImmutableOopMap {rsi=Oop [120]=Oop rdx=Oop rcx=Oop rdi=Oop }
                      ;*synchronization entry
                      ; - java.lang.ClassLoader::defineClass@-1 (line 1015)
  0x00007fc7c9feffbc: b906 e999 

  0x00007fc7c9feffc0: ;   {metadata({method} {0x00007fc77b011150} 'defineClassSourceLocation' '(Ljava/security/ProtectionDomain;)Ljava/lang/String;' in 'java/lang/ClassLoader')}
  0x00007fc7c9feffc0: fcff ff49 | ba50 1101 | 7bc7 7f00 | 004c 8954 | 2408 48c7 | 0424 ffff 

  0x00007fc7c9feffd8: ;   {runtime_call counter_overflow Runtime1 stub}
  0x00007fc7c9feffd8: ffff e8a1 

  0x00007fc7c9feffdc: ; ImmutableOopMap {[120]=Oop [136]=Oop [128]=Oop rax=Oop [152]=Oop }
                      ;*synchronization entry
                      ; - java.lang.ClassLoader::defineClassSourceLocation@-1 (line 914)
                      ; - java.lang.ClassLoader::defineClass@12 (line 1016)
  0x00007fc7c9feffdc: 26b9 06e9 | 0ffd ffff 

  0x00007fc7c9feffe4: ;   {runtime_call throw_null_pointer_exception Runtime1 stub}
  0x00007fc7c9feffe4: e837 bbaf 

  0x00007fc7c9feffe8: ; ImmutableOopMap {[120]=Oop [136]=Oop [128]=Oop rax=Oop [152]=Oop }
                      ;*invokevirtual getCodeSource {reexecute=0 rethrow=0 return_oop=0}
                      ; - java.lang.ClassLoader::defineClassSourceLocation@1 (line 914)
                      ; - java.lang.ClassLoader::defineClass@12 (line 1016)
                      ;   {runtime_call throw_null_pointer_exception Runtime1 stub}
  0x00007fc7c9feffe8: 06e8 32bb 

  0x00007fc7c9feffec: ; ImmutableOopMap {[120]=Oop [136]=Oop [128]=Oop rax=Oop [152]=Oop rdx=Oop }
                      ;*invokevirtual getLocation {reexecute=0 rethrow=0 return_oop=0}
                      ; - java.lang.ClassLoader::defineClassSourceLocation@12 (line 916)
                      ; - java.lang.ClassLoader::defineClass@12 (line 1016)
                      ;   {runtime_call throw_null_pointer_exception Runtime1 stub}
  0x00007fc7c9feffec: af06 e82d 

  0x00007fc7c9fefff0: ; ImmutableOopMap {[120]=Oop [136]=Oop [128]=Oop [152]=Oop rsi=Oop }
                      ;*invokevirtual toString {reexecute=0 rethrow=0 return_oop=0}
                      ; - java.lang.ClassLoader::defineClassSourceLocation@22 (line 917)
                      ; - java.lang.ClassLoader::defineClass@12 (line 1016)
                      ;   {metadata({method} {0x00007fc77b068000} 'toString' '()Ljava/lang/String;' in 'java/net/URL')}
  0x00007fc7c9fefff0: bbaf 0649 | ba00 8006 | 7bc7 7f00 | 004c 8954 | 2408 48c7 | 0424 ffff 

  0x00007fc7c9ff0008: ;   {runtime_call counter_overflow Runtime1 stub}
  0x00007fc7c9ff0008: ffff e871 

  0x00007fc7c9ff000c: ; ImmutableOopMap {[120]=Oop [136]=Oop [128]=Oop [152]=Oop rsi=Oop }
                      ;*synchronization entry
                      ; - java.net.URL::toString@-1 (line 1025)
                      ; - java.lang.ClassLoader::defineClassSourceLocation@22 (line 917)
                      ; - java.lang.ClassLoader::defineClass@12 (line 1016)
  0x00007fc7c9ff000c: 26b9 06e9 | f5fd ffff 

  0x00007fc7c9ff0014: ;   {metadata({method} {0x00007fc77b068898} 'toExternalForm' '()Ljava/lang/String;' in 'java/net/URL')}
  0x00007fc7c9ff0014: 49ba 9888 | 067b c77f | 0000 4c89 | 5424 0848 | c704 24ff 

  0x00007fc7c9ff0028: ;   {runtime_call counter_overflow Runtime1 stub}
  0x00007fc7c9ff0028: ffff ffe8 

  0x00007fc7c9ff002c: ; ImmutableOopMap {[120]=Oop [136]=Oop [128]=Oop [152]=Oop rsi=Oop }
                      ;*synchronization entry
                      ; - java.net.URL::toExternalForm@-1 (line 1039)
                      ; - java.net.URL::toString@1 (line 1025)
                      ; - java.lang.ClassLoader::defineClassSourceLocation@22 (line 917)
                      ; - java.lang.ClassLoader::defineClass@12 (line 1016)
  0x00007fc7c9ff002c: 5026 b906 | e911 feff 

  0x00007fc7c9ff0034: ;   {runtime_call throw_null_pointer_exception Runtime1 stub}
  0x00007fc7c9ff0034: ffe8 e6ba 

  0x00007fc7c9ff0038: ; ImmutableOopMap {[120]=Oop [136]=Oop [128]=Oop [152]=Oop rsi=Oop rdi=Oop }
                      ;*invokevirtual toExternalForm {reexecute=0 rethrow=0 return_oop=0}
                      ; - java.net.URL::toExternalForm@5 (line 1039)
                      ; - java.net.URL::toString@1 (line 1025)
                      ; - java.lang.ClassLoader::defineClassSourceLocation@22 (line 917)
                      ; - java.lang.ClassLoader::defineClass@12 (line 1016)
                      ;   {internal_word}
  0x00007fc7c9ff0038: af06 49ba | 94ff fec9 | c77f 0000 | 4d89 9758 

  0x00007fc7c9ff0048: ;   {runtime_call SafepointBlob}
  0x00007fc7c9ff0048: 0300 00e9 | b0d5 ae06 | 9090 498b | 87d0 0300 | 0049 c787 | d003 0000 | 0000 0000 | 49c7 87d8 
  0x00007fc7c9ff0068: 0300 0000 | 0000 0048 | 81c4 b000 

  0x00007fc7c9ff0074: ;   {runtime_call unwind_exception Runtime1 stub}
  0x00007fc7c9ff0074: 0000 5de9 | 04d0 af06 | f4f4 f4f4 
[Stub Code]
  0x00007fc7c9ff0080: ;   {no_reloc}
  0x00007fc7c9ff0080: 0f1f 4400 

  0x00007fc7c9ff0084: ;   {static_stub}
  0x00007fc7c9ff0084: 0048 bb00 | 0000 0000 

  0x00007fc7c9ff008c: ;   {runtime_call}
  0x00007fc7c9ff008c: 0000 00e9 | fbff ffff 

  0x00007fc7c9ff0094: ;   {static_stub}
  0x00007fc7c9ff0094: 9048 bb00 | 0000 0000 

  0x00007fc7c9ff009c: ;   {runtime_call}
  0x00007fc7c9ff009c: 0000 00e9 | fbff ffff 

  0x00007fc7c9ff00a4: ;   {static_stub}
  0x00007fc7c9ff00a4: 9048 bb00 | 0000 0000 

  0x00007fc7c9ff00ac: ;   {runtime_call}
  0x00007fc7c9ff00ac: 0000 00e9 | fbff ffff 

  0x00007fc7c9ff00b4: ;   {static_stub}
  0x00007fc7c9ff00b4: 9048 bb00 | 0000 0000 

  0x00007fc7c9ff00bc: ;   {runtime_call}
  0x00007fc7c9ff00bc: 0000 00e9 | fbff ffff 
[Exception Handler]
  0x00007fc7c9ff00c4: ;   {runtime_call handle_exception_from_callee Runtime1 stub}
  0x00007fc7c9ff00c4: e8b7 04b9 

  0x00007fc7c9ff00c8: ;   {external_word}
  0x00007fc7c9ff00c8: 0648 bf4a | 76ca e7c7 | 7f00 0048 

  0x00007fc7c9ff00d4: ;   {runtime_call MacroAssembler::debug64(char*, long, long*)}
  0x00007fc7c9ff00d4: 83e4 f0e8 | 1440 801d 

  0x00007fc7c9ff00dc: ;   {section_word}
  0x00007fc7c9ff00dc: f449 badd | 00ff c9c7 | 7f00 0041 

  0x00007fc7c9ff00e8: ;   {runtime_call DeoptimizationBlob}
  0x00007fc7c9ff00e8: 52e9 b2e9 | ae06 f4f4 
[/MachCode]


Compiled method (c2)  101143 6921       4       java.security.SecureClassLoader::defineClass (16 bytes)
 total in heap  [0x00007fc7d14bde90,0x00007fc7d14be5a0] = 1808
 relocation     [0x00007fc7d14bdff0,0x00007fc7d14be040] = 80
 main code      [0x00007fc7d14be040,0x00007fc7d14be300] = 704
 stub code      [0x00007fc7d14be300,0x00007fc7d14be338] = 56
 metadata       [0x00007fc7d14be338,0x00007fc7d14be368] = 48
 scopes data    [0x00007fc7d14be368,0x00007fc7d14be470] = 264
 scopes pcs     [0x00007fc7d14be470,0x00007fc7d14be520] = 176
 dependencies   [0x00007fc7d14be520,0x00007fc7d14be528] = 8
 handler table  [0x00007fc7d14be528,0x00007fc7d14be588] = 96
 nul chk table  [0x00007fc7d14be588,0x00007fc7d14be5a0] = 24

[Constant Pool (empty)]

[MachCode]
[Entry Point]
  # {method} {0x00007fc77b4390f0} 'defineClass' '(Ljava/lang/String;[BIILjava/security/CodeSource;)Ljava/lang/Class;' in 'java/security/SecureClassLoader'
  # this:     rsi:rsi   = 'java/security/SecureClassLoader'
  # parm0:    rdx:rdx   = 'java/lang/String'
  # parm1:    rcx:rcx   = '[B'
  # parm2:    r8        = int
  # parm3:    r9        = int
  # parm4:    rdi:rdi   = 'java/security/CodeSource'
  #           [sp+0x60]  (sp of caller)
  0x00007fc7d14be040: 448b 5608 | 49bb 0000 | 007b c77f | 0000 4d03 | d349 3bc2 

  0x00007fc7d14be054: ;   {runtime_call ic_miss_stub}
  0x00007fc7d14be054: 0f85 2681 | 61ff 6690 | 0f1f 4000 
[Verified Entry Point]
  0x00007fc7d14be060: 8984 2400 | c0fe ff55 | 4883 ec50 | 4489 4c24 | 2444 8944 | 2420 4889 | 4c24 1048 | 8954 2408 
  0x00007fc7d14be080: 4889 7424 | 1848 897c | 2438 4885 | ff0f 84a9 | 0100 0049 | 8b97 0801 | 0000 4c8b | d249 83c2 
  0x00007fc7d14be0a0: 104d 3b97 | 1801 0000 | 0f83 f900 | 0000 4d89 | 9708 0100 | 0041 0f0d | 8a00 0100 | 0048 c702 
  0x00007fc7d14be0c0: 0100 0000 

  0x00007fc7d14be0c4: ;   {metadata('java/security/SecureClassLoader$CodeSourceKey')}
  0x00007fc7d14be0c4: c742 08a8 | c514 004c | 8b54 2438 | 4d8b da49 | c1eb 0344 | 895a 0c49 | 8b8f 0801 | 0000 4c8b 
  0x00007fc7d14be0e4: 5424 1841 | 8b6a 504c | 8bd1 4983 | c218 6666 | 0f1f 8400 | 0000 0000 | 6666 6690 | 4d3b 9718 
  0x00007fc7d14be104: 0100 000f | 83b8 0000 | 004d 8997 | 0801 0000 | 410f 0d8a | 0001 0000 | 48c7 0101 

  0x00007fc7d14be120: ;   {metadata('java/security/SecureClassLoader$1')}
  0x00007fc7d14be120: 0000 00c7 | 4108 c0c7 | 1400 4489 | 6114 4489 | 590c 4c8b | 5424 1849 | c1ea 0344 | 8951 1090 
  0x00007fc7d14be140: ; implicit exception: dispatches to 0x00007fc7d14be28c
  0x00007fc7d14be140: 458b 54ec 

  0x00007fc7d14be144: ;   {metadata('java/util/concurrent/ConcurrentHashMap')}
  0x00007fc7d14be144: 0841 81fa | 70e6 0000 | 0f85 a800 | 0000 498d 

  0x00007fc7d14be154: ;   {optimized virtual_call}
  0x00007fc7d14be154: 34ec 90e8 

  0x00007fc7d14be158: ; ImmutableOopMap {[8]=Oop [16]=Oop [24]=Oop }
                      ;*invokeinterface computeIfAbsent {reexecute=0 rethrow=0 return_oop=1}
                      ; - java.security.SecureClassLoader::getProtectionDomain@29 (line 222)
                      ; - java.security.SecureClassLoader::defineClass@9 (line 150)
  0x00007fc7d14be158: 2423 fbff | 0f1f 4000 

  0x00007fc7d14be160: ; implicit exception: dispatches to 0x00007fc7d14be2a0
  0x00007fc7d14be160: 448b 5808 

  0x00007fc7d14be164: ;   {metadata('java/security/ProtectionDomain')}
  0x00007fc7d14be164: 4181 fbc8 | ee00 000f | 85f3 0000 | 0048 8bf8 | 488b 7424 | 1848 8b54 | 2408 488b | 4c24 1044 
  0x00007fc7d14be184: 8b44 2420 | 448b 4c24 

  0x00007fc7d14be18c: ;   {optimized virtual_call}
  0x00007fc7d14be18c: 2466 90e8 

  0x00007fc7d14be190: ; ImmutableOopMap {}
                      ;*invokevirtual defineClass {reexecute=0 rethrow=0 return_oop=1}
                      ; - java.security.SecureClassLoader::defineClass@12 (line 150)
  0x00007fc7d14be190: 8c1a b3f8 | 4883 c450 

  0x00007fc7d14be198: ;   {poll_return}
  0x00007fc7d14be198: 5d49 3ba7 | 4003 0000 | 0f87 3401 

  0x00007fc7d14be1a4: ;   {metadata('java/security/SecureClassLoader$CodeSourceKey')}
  0x00007fc7d14be1a4: 0000 c348 | bea8 c514 | 7bc7 7f00 | 0048 8b6c 

  0x00007fc7d14be1b4: ;   {runtime_call _new_instance_Java}
  0x00007fc7d14be1b4: 2418 90e8 

  0x00007fc7d14be1b8: ; ImmutableOopMap {rbp=Oop [8]=Oop [16]=Oop [24]=Oop [56]=Oop }
                      ;*new {reexecute=0 rethrow=0 return_oop=1}
                      ; - java.security.SecureClassLoader::getProtectionDomain@6 (line 221)
                      ; - java.security.SecureClassLoader::defineClass@9 (line 150)
  0x00007fc7d14be1b8: c40f 63ff | 488b d090 | e906 ffff | ff44 895c | 2430 4889 

  0x00007fc7d14be1cc: ;   {metadata('java/security/SecureClassLoader$1')}
  0x00007fc7d14be1cc: 5424 2848 | bec0 c714 | 7bc7 7f00 | 0048 ff74 | 2438 488f 

  0x00007fc7d14be1e0: ;   {runtime_call _new_instance_Java}
  0x00007fc7d14be1e0: 0424 90e8 

  0x00007fc7d14be1e4: ; ImmutableOopMap {rbp=NarrowOop [0]=Oop [8]=Oop [16]=Oop [24]=Oop [40]=Oop [48]=NarrowOop }
                      ;*new {reexecute=0 rethrow=0 return_oop=1}
                      ; - java.security.SecureClassLoader::getProtectionDomain@20 (line 222)
                      ; - java.security.SecureClassLoader::defineClass@9 (line 150)
  0x00007fc7d14be1e4: 980f 63ff | 488b 5424 | 2844 8b5c | 2430 488b | c8e9 34ff | ffff bede | ffff ff48 | ff74 2418 
  0x00007fc7d14be204: 488f 0424 | 4889 4424 | f88b 4424 | 2089 4424 | 1848 8b44 | 24f8 4889 | 4424 f88b | 4424 2489 
  0x00007fc7d14be224: 4424 1c48 | 8b44 24f8 | 4889 5424 | 2048 894c 

  0x00007fc7d14be234: ;   {runtime_call UncommonTrapBlob}
  0x00007fc7d14be234: 2428 90e8 

  0x00007fc7d14be238: ; ImmutableOopMap {rbp=NarrowOop [0]=Oop [8]=Oop [16]=Oop [32]=Oop [40]=Oop }
                      ;*invokeinterface computeIfAbsent {reexecute=0 rethrow=0 return_oop=0}
                      ; - java.security.SecureClassLoader::getProtectionDomain@29 (line 222)
                      ; - java.security.SecureClassLoader::defineClass@9 (line 150)
  0x00007fc7d14be238: 4405 62ff | be45 ffff | ff48 8b6c | 2418 4889 | 1424 4889 | 4c24 0844 | 8944 2410 | 4489 4c24 
  0x00007fc7d14be258: 1448 897c 

  0x00007fc7d14be25c: ;   {runtime_call UncommonTrapBlob}
  0x00007fc7d14be25c: 2428 90e8 

  0x00007fc7d14be260: ; ImmutableOopMap {rbp=Oop [0]=Oop [8]=Oop [40]=Oop [56]=Oop }
                      ;*ifnonnull {reexecute=1 rethrow=0 return_oop=0}
                      ; - (reexecute) java.security.SecureClassLoader::getProtectionDomain@1 (line 213)
                      ; - java.security.SecureClassLoader::defineClass@9 (line 150)
  0x00007fc7d14be260: 1c05 62ff | bede ffff | ff48 8b6c | 2418 4c8b | 5424 084c | 8914 244c | 8b54 2410 | 4c89 5424 
  0x00007fc7d14be280: 0848 8944 

  0x00007fc7d14be284: ;   {runtime_call UncommonTrapBlob}
  0x00007fc7d14be284: 2418 90e8 

  0x00007fc7d14be288: ; ImmutableOopMap {rbp=Oop [0]=Oop [8]=Oop [24]=Oop }
                      ;*checkcast {reexecute=0 rethrow=0 return_oop=0}
                      ; - java.security.SecureClassLoader::getProtectionDomain@34 (line 222)
                      ; - java.security.SecureClassLoader::defineClass@9 (line 150)
  0x00007fc7d14be288: f404 62ff | bef6 ffff | ff48 8bea | 4889 0c24 

  0x00007fc7d14be298: ;   {runtime_call UncommonTrapBlob}
  0x00007fc7d14be298: 6666 90e8 

  0x00007fc7d14be29c: ; ImmutableOopMap {rbp=Oop [0]=Oop }
                      ;*invokeinterface computeIfAbsent {reexecute=0 rethrow=0 return_oop=0}
                      ; - java.security.SecureClassLoader::getProtectionDomain@29 (line 222)
                      ; - java.security.SecureClassLoader::defineClass@9 (line 150)
  0x00007fc7d14be29c: e004 62ff | bef4 ffff | ff48 8b6c | 2418 4c8b | 5424 084c | 8914 244c | 8b54 2410 | 4c89 5424 
  0x00007fc7d14be2bc: ;   {runtime_call UncommonTrapBlob}
  0x00007fc7d14be2bc: 0866 90e8 

  0x00007fc7d14be2c0: ; ImmutableOopMap {rbp=Oop [0]=Oop [8]=Oop }
                      ;*checkcast {reexecute=0 rethrow=0 return_oop=0}
                      ; - java.security.SecureClassLoader::getProtectionDomain@34 (line 222)
                      ; - java.security.SecureClassLoader::defineClass@9 (line 150)
  0x00007fc7d14be2c0: bc04 62ff | eb02 eb00 | 488b f0eb | 0348 8bf0 | 4883 c450 

  0x00007fc7d14be2d4: ;   {runtime_call _rethrow_Java}
  0x00007fc7d14be2d4: 5de9 a65a 

  0x00007fc7d14be2d8: ;   {internal_word}
  0x00007fc7d14be2d8: 6cff 49ba | 99e1 4bd1 | c77f 0000 | 4d89 9758 

  0x00007fc7d14be2e8: ;   {runtime_call SafepointBlob}
  0x00007fc7d14be2e8: 0300 00e9 | 10f3 61ff | f4f4 f4f4 | f4f4 f4f4 | f4f4 f4f4 | f4f4 f4f4 
[Stub Code]
  0x00007fc7d14be300: ;   {no_reloc}
  0x00007fc7d14be300: 48bb 0000 | 0000 0000 

  0x00007fc7d14be308: ;   {runtime_call}
  0x00007fc7d14be308: 0000 e9fb 

  0x00007fc7d14be30c: ;   {static_stub}
  0x00007fc7d14be30c: ffff ff48 | bb40 0f01 | 7bc7 7f00 

  0x00007fc7d14be318: ;   {runtime_call I2C/C2I adapters}
  0x00007fc7d14be318: 00e9 cfec 

  0x00007fc7d14be31c: ;   {runtime_call ExceptionBlob}
  0x00007fc7d14be31c: 60ff e9dd | d162 ffe8 | 0000 0000 | 4883 2c24 

  0x00007fc7d14be32c: ;   {runtime_call DeoptimizationBlob}
  0x00007fc7d14be32c: 05e9 6e07 | 62ff f4f4 | f4f4 f4f4 
[/MachCode]


---------------  P R O C E S S  ---------------

Threads class SMR info:
_java_thread_list=0x00007fc750b8eec0, length=29, elements={
0x00007fc7e001a170, 0x00007fc7e00b82c0, 0x00007fc7e00b96d0, 0x00007fc7e00c17f0,
0x00007fc7e00c2b90, 0x00007fc7e00c3f70, 0x00007fc7e00c58f0, 0x00007fc7e00c6df0,
0x00007fc7e00c8230, 0x00007fc7e00fc330, 0x00007fc7e01b7ca0, 0x00007fc7e1140720,
0x00007fc7e11aa910, 0x00007fc7e11d56c0, 0x00007fc74401f420, 0x00007fc74c0042f0,
0x00007fc74c006e10, 0x00007fc74c00bdb0, 0x00007fc75021e450, 0x00007fc750224700,
0x00007fc750227280, 0x00007fc7507570c0, 0x00007fc7507b0100, 0x00007fc7507ce0d0,
0x00007fc750c6dee0, 0x00007fc7501daf80, 0x00007fc750160580, 0x00007fc7505a65d0,
0x00007fc750b8e3e0
}

Java Threads: ( => current thread )
  0x00007fc7e001a170 JavaThread "main" [_thread_blocked, id=1359, stack(0x00007fc7e68d1000,0x00007fc7e69d1000)]
  0x00007fc7e00b82c0 JavaThread "Reference Handler" daemon [_thread_blocked, id=1366, stack(0x00007fc7e42d6000,0x00007fc7e43d6000)]
  0x00007fc7e00b96d0 JavaThread "Finalizer" daemon [_thread_blocked, id=1367, stack(0x00007fc7e41d5000,0x00007fc7e42d5000)]
  0x00007fc7e00c17f0 JavaThread "Signal Dispatcher" daemon [_thread_blocked, id=1368, stack(0x00007fc7e407d000,0x00007fc7e417d000)]
  0x00007fc7e00c2b90 JavaThread "Service Thread" daemon [_thread_blocked, id=1369, stack(0x00007fc7c944d000,0x00007fc7c954d000)]
  0x00007fc7e00c3f70 JavaThread "Monitor Deflation Thread" daemon [_thread_blocked, id=1370, stack(0x00007fc7c934c000,0x00007fc7c944c000)]
  0x00007fc7e00c58f0 JavaThread "C2 CompilerThread0" daemon [_thread_blocked, id=1371, stack(0x00007fc7c924b000,0x00007fc7c934b000)]
  0x00007fc7e00c6df0 JavaThread "C1 CompilerThread0" daemon [_thread_blocked, id=1372, stack(0x00007fc7c914a000,0x00007fc7c924a000)]
  0x00007fc7e00c8230 JavaThread "Sweeper thread" daemon [_thread_blocked, id=1373, stack(0x00007fc7c9049000,0x00007fc7c9149000)]
  0x00007fc7e00fc330 JavaThread "Common-Cleaner" daemon [_thread_blocked, id=1374, stack(0x00007fc7c8f48000,0x00007fc7c9048000)]
  0x00007fc7e01b7ca0 JavaThread "Notification Thread" daemon [_thread_blocked, id=1375, stack(0x00007fc7c8e47000,0x00007fc7c8f47000)]
  0x00007fc7e1140720 JavaThread "Daemon health stats" [_thread_blocked, id=1385, stack(0x00007fc7c8900000,0x00007fc7c8a00000)]
  0x00007fc7e11aa910 JavaThread "Incoming local TCP Connector on port 38539" [_thread_in_native, id=1387, stack(0x00007fc7c8500000,0x00007fc7c8600000)]
  0x00007fc7e11d56c0 JavaThread "Daemon periodic checks" [_thread_blocked, id=1388, stack(0x00007fc7c83ff000,0x00007fc7c84ff000)]
  0x00007fc74401f420 JavaThread "Daemon" [_thread_blocked, id=1389, stack(0x00007fc7c82fe000,0x00007fc7c83fe000)]
  0x00007fc74c0042f0 JavaThread "Handler for socket connection from /127.0.0.1:38539 to /127.0.0.1:40658" [_thread_in_native, id=1390, stack(0x00007fc7c81fd000,0x00007fc7c82fd000)]
  0x00007fc74c006e10 JavaThread "Cancel handler" [_thread_blocked, id=1392, stack(0x00007fc7c80fc000,0x00007fc7c81fc000)]
=>0x00007fc74c00bdb0 JavaThread "Daemon worker" [_thread_in_vm, id=1393, stack(0x00007fc776f00000,0x00007fc777000000)]
  0x00007fc75021e450 JavaThread "Asynchronous log dispatcher for DefaultDaemonConnection: socket connection from /127.0.0.1:38539 to /127.0.0.1:40658" [_thread_blocked, id=1396, stack(0x00007fc776dff000,0x00007fc776eff000)]
  0x00007fc750224700 JavaThread "Stdin handler" [_thread_blocked, id=1397, stack(0x00007fc776cfe000,0x00007fc776dfe000)]
  0x00007fc750227280 JavaThread "Daemon client event forwarder" [_thread_blocked, id=1398, stack(0x00007fc776bfd000,0x00007fc776cfd000)]
  0x00007fc7507570c0 JavaThread "Cache worker for journal cache (/root/.gradle/caches/journal-1)" [_thread_blocked, id=1401, stack(0x00007fc7767a9000,0x00007fc7768a9000)]
  0x00007fc7507b0100 JavaThread "File lock request listener" [_thread_in_native, id=1402, stack(0x00007fc776afc000,0x00007fc776bfc000)]
  0x00007fc7507ce0d0 JavaThread "Cache worker for file hash cache (/root/.gradle/caches/8.8/fileHashes)" [_thread_blocked, id=1404, stack(0x00007fc7769fb000,0x00007fc776afb000)]
  0x00007fc750c6dee0 JavaThread "Cache worker for file hash cache (/workspace/.gradle/8.8/fileHashes)" [_thread_blocked, id=1409, stack(0x00007fc7768fa000,0x00007fc7769fa000)]
  0x00007fc7501daf80 JavaThread "Cache worker for checksums cache (/workspace/.gradle/8.8/checksums)" [_thread_blocked, id=1413, stack(0x00007fc7766a8000,0x00007fc7767a8000)]
  0x00007fc750160580 JavaThread "Cache worker for file content cache (/root/.gradle/caches/8.8/fileContent)" [_thread_blocked, id=1414, stack(0x00007fc7765a7000,0x00007fc7766a7000)]
  0x00007fc7505a65d0 JavaThread "Cache worker for cache directory md-rule (/root/.gradle/caches/8.8/md-rule)" [_thread_blocked, id=1416, stack(0x00007fc7764a6000,0x00007fc7765a6000)]
  0x00007fc750b8e3e0 JavaThread "Cache worker for cache directory md-supplier (/root/.gradle/caches/8.8/md-supplier)" [_thread_blocked, id=1418, stack(0x00007fc7763a5000,0x00007fc7764a5000)]

Other Threads:
  0x00007fc7e00b3a60 VMThread "VM Thread" [stack: 0x00007fc7e43d7000,0x00007fc7e44d7000] [id=1365]
  0x00007fc7e01b8f30 WatcherThread [stack: 0x00007fc7c8d46000,0x00007fc7c8e46000] [id=1376]
  0x00007fc7e0031470 GCTaskThread "GC Thread#0" [stack: 0x00007fc7e5dac000,0x00007fc7e5eac000] [id=1363]
  0x00007fc7700011e0 GCTaskThread "GC Thread#1" [stack: 0x00007fc7c8c45000,0x00007fc7c8d45000] [id=1377]

Threads with active compile tasks:

VM state: not at safepoint (normal execution)

VM Mutex/Monitor currently owned by a thread:  ([mutex/lock_event])
[0x00007fc7e0015f10] Metaspace_lock - owner thread: 0x00007fc74c00bdb0

Heap address: 0x0000000700000000, size: 4096 MB, Compressed Oops mode: Zero based, Oop shift amount: 3

CDS archive(s) mapped at: [0x00007fc77b000000-0x00007fc77bbca000-0x00007fc77bbca000), size 12361728, SharedBaseAddress: 0x00007fc77b000000, ArchiveRelocationMode: 1.
Compressed class space mapped at: 0x00007fc77c000000-0x00007fc7bc000000, reserved size: 1073741824
Narrow klass base: 0x00007fc77b000000, Narrow klass shift: 0, Narrow klass range: 0x100000000

GC Precious Log:
 CPUs: 2 total, 2 available
 Memory: 1024M
 Large Page Support: Disabled
 NUMA Support: Disabled
 Compressed Oops: Enabled (Zero based)
 Alignments: Space 512K, Generation 512K, Heap 2M
 Heap Min Capacity: 8M
 Heap Initial Capacity: 16M
 Heap Max Capacity: 4G
 Pre-touch: Disabled
 Parallel Workers: 2

Heap:
 PSYoungGen      total 419840K, used 55317K [0x00000007aab00000, 0x00000007c6b00000, 0x0000000800000000)
  eden space 391168K, 14% used [0x00000007aab00000,0x00000007ae0a74e0,0x00000007c2900000)
  from space 28672K, 1% used [0x00000007c2900000,0x00000007c295dfc0,0x00000007c4500000)
  to   space 31232K, 0% used [0x00000007c4c80000,0x00000007c4c80000,0x00000007c6b00000)
 ParOldGen       total 50176K, used 50128K [0x0000000700000000, 0x0000000703100000, 0x00000007aab00000)
  object space 50176K, 99% used [0x0000000700000000,0x00000007030f41e8,0x0000000703100000)
 Metaspace       used 67421K, committed 67904K, reserved 1114112K
  class space    used 9032K, committed 9280K, reserved 1048576K

Card table byte_map: [0x00007fc7e5eac000,0x00007fc7e66ad000] _byte_map_base: 0x00007fc7e26ac000

Marking Bits: (ParMarkBitMap*) 0x00007fc7e802e460
 Begin Bits: [0x00007fc7bc000000, 0x00007fc7c0000000)
 End Bits:   [0x00007fc7c0000000, 0x00007fc7c4000000)

Polling page: 0x00007fc7e826d000

Metaspace:

Usage:
  Non-class:     57.02 MB used.
      Class:      8.82 MB used.
       Both:     65.84 MB used.

Virtual space:
  Non-class space:       64.00 MB reserved,      57.25 MB ( 89%) committed,  1 nodes.
      Class space:        1.00 GB reserved,       9.06 MB ( <1%) committed,  1 nodes.
             Both:        1.06 GB reserved,      66.31 MB (  6%) committed. 

Chunk freelists:
   Non-Class:  6.61 MB
       Class:  6.97 MB
        Both:  13.58 MB

MaxMetaspaceSize: unlimited
CompressedClassSpaceSize: 1.00 GB
Initial GC threshold: 21.00 MB
Current GC threshold: 101.50 MB
CDS: on
MetaspaceReclaimPolicy: balanced
 - commit_granule_bytes: 65536.
 - commit_granule_words: 8192.
 - virtual_space_node_default_size: 8388608.
 - enlarge_chunks_in_place: 1.
 - new_chunks_are_fully_committed: 0.
 - uncommit_free_chunks: 1.
 - use_allocation_guard: 0.
 - handle_deallocations: 1.


Internal statistics:

num_allocs_failed_limit: 6.
num_arena_births: 500.
num_arena_deaths: 0.
num_vsnodes_births: 2.
num_vsnodes_deaths: 0.
num_space_committed: 1059.
num_space_uncommitted: 0.
num_chunks_returned_to_freelist: 6.
num_chunks_taken_from_freelist: 2820.
num_chunk_merges: 6.
num_chunk_splits: 2204.
num_chunks_enlarged: 1815.
num_inconsistent_stats: 0.

CodeHeap 'non-profiled nmethods': size=120036Kb used=5039Kb max_used=5039Kb free=114996Kb
 bounds [0x00007fc7d1014000, 0x00007fc7d1504000, 0x00007fc7d854d000]
CodeHeap 'profiled nmethods': size=120032Kb used=10969Kb max_used=10969Kb free=109063Kb
 bounds [0x00007fc7c954d000, 0x00007fc7ca00d000, 0x00007fc7d0a85000]
CodeHeap 'non-nmethods': size=5692Kb used=1651Kb max_used=1696Kb free=4040Kb
 bounds [0x00007fc7d0a85000, 0x00007fc7d0cf5000, 0x00007fc7d1014000]
 total_blobs=6753 nmethods=6023 adapters=645
 compilation: enabled
              stopped_count=0, restarted_count=0
 full_count=0

Compilation events (20 events):
Event: 100.365 Thread 0x00007fc7e00c6df0 7346       3       org.jetbrains.kotlin.name.Name::asString (13 bytes)
Event: 100.365 Thread 0x00007fc7e00c6df0 nmethod 7346 0x00007fc7c9fff990 code [0x00007fc7c9fffb40, 0x00007fc7c9fffcc0]
Event: 100.503 Thread 0x00007fc7e00c6df0 7348       3       org.jetbrains.kotlin.name.FqNameUnsafe::<init> (28 bytes)
Event: 100.580 Thread 0x00007fc7e00c6df0 nmethod 7348 0x00007fc7c9fffd90 code [0x00007fc7c9ffff40, 0x00007fc7ca000180]
Event: 100.580 Thread 0x00007fc7e00c6df0 7349       3       org.jetbrains.kotlin.name.FqNameUnsafe::shortName (56 bytes)
Event: 100.582 Thread 0x00007fc7e00c6df0 nmethod 7349 0x00007fc7ca000290 code [0x00007fc7ca0004a0, 0x00007fc7ca000970]
Event: 100.620 Thread 0x00007fc7e00c6df0 7350       3       org.jetbrains.kotlin.name.FqName::asString (16 bytes)
Event: 100.621 Thread 0x00007fc7e00c6df0 nmethod 7350 0x00007fc7ca000b10 code [0x00007fc7ca000ce0, 0x00007fc7ca000f30]
Event: 100.621 Thread 0x00007fc7e00c6df0 7351       3       org.jetbrains.kotlin.name.FqNameUnsafe::asString (13 bytes)
Event: 100.621 Thread 0x00007fc7e00c6df0 nmethod 7351 0x00007fc7ca001010 code [0x00007fc7ca0011c0, 0x00007fc7ca001340]
Event: 100.621 Thread 0x00007fc7e00c6df0 7352       3       org.jetbrains.kotlin.name.FqName::shortName (17 bytes)
Event: 100.621 Thread 0x00007fc7e00c6df0 nmethod 7352 0x00007fc7ca001410 code [0x00007fc7ca0015c0, 0x00007fc7ca001770]
Event: 100.621 Thread 0x00007fc7e00c6df0 7353       3       org.jetbrains.kotlin.name.FqName::parent (70 bytes)
Event: 100.640 Thread 0x00007fc7e00c6df0 nmethod 7353 0x00007fc7ca001890 code [0x00007fc7ca001ac0, 0x00007fc7ca002190]
Event: 100.640 Thread 0x00007fc7e00c6df0 7354       3       org.jetbrains.kotlin.name.FqName::topLevel (21 bytes)
Event: 100.640 Thread 0x00007fc7e00c6df0 nmethod 7354 0x00007fc7ca002410 code [0x00007fc7ca0025e0, 0x00007fc7ca002920]
Event: 100.640 Thread 0x00007fc7e00c6df0 7355       3       org.jetbrains.kotlin.name.FqNameUnsafe::topLevel (28 bytes)
Event: 100.641 Thread 0x00007fc7e00c6df0 nmethod 7355 0x00007fc7ca002a90 code [0x00007fc7ca002ca0, 0x00007fc7ca0031b0]
Event: 100.782 Thread 0x00007fc7e00c58f0 nmethod 7344 0x00007fc7d14fcf10 code [0x00007fc7d14fd140, 0x00007fc7d14fe978]
Event: 100.799 Thread 0x00007fc7e00c58f0 7347       4       java.lang.String::<init> (14 bytes)

GC Heap History (20 events):
Event: 55.323 GC heap before
{Heap before GC invocations=50 (full 3):
 PSYoungGen      total 315904K, used 311296K [0x00000007aab00000, 0x00000007bf900000, 0x0000000800000000)
  eden space 293888K, 100% used [0x00000007aab00000,0x00000007bca00000,0x00000007bca00000)
  from space 22016K, 79% used [0x00000007be080000,0x00000007bf180020,0x00000007bf600000)
  to   space 23040K, 0% used [0x00000007bca00000,0x00000007bca00000,0x00000007be080000)
 ParOldGen       total 37888K, used 34364K [0x0000000700000000, 0x0000000702500000, 0x00000007aab00000)
  object space 37888K, 90% used [0x0000000700000000,0x000000070218f388,0x0000000702500000)
 Metaspace       used 32567K, committed 32960K, reserved 1114112K
  class space    used 4542K, committed 4736K, reserved 1048576K
}
Event: 55.440 GC heap after
{Heap after GC invocations=50 (full 3):
 PSYoungGen      total 316928K, used 17952K [0x00000007aab00000, 0x00000007c1600000, 0x0000000800000000)
  eden space 293888K, 0% used [0x00000007aab00000,0x00000007aab00000,0x00000007bca00000)
  from space 23040K, 77% used [0x00000007bca00000,0x00000007bdb88020,0x00000007be080000)
  to   space 24064K, 0% used [0x00000007bfe80000,0x00000007bfe80000,0x00000007c1600000)
 ParOldGen       total 37888K, used 35340K [0x0000000700000000, 0x0000000702500000, 0x00000007aab00000)
  object space 37888K, 93% used [0x0000000700000000,0x0000000702283388,0x0000000702500000)
 Metaspace       used 32567K, committed 32960K, reserved 1114112K
  class space    used 4542K, committed 4736K, reserved 1048576K
}
Event: 61.241 GC heap before
{Heap before GC invocations=51 (full 3):
 PSYoungGen      total 316928K, used 311840K [0x00000007aab00000, 0x00000007c1600000, 0x0000000800000000)
  eden space 293888K, 100% used [0x00000007aab00000,0x00000007bca00000,0x00000007bca00000)
  from space 23040K, 77% used [0x00000007bca00000,0x00000007bdb88020,0x00000007be080000)
  to   space 24064K, 0% used [0x00000007bfe80000,0x00000007bfe80000,0x00000007c1600000)
 ParOldGen       total 37888K, used 35340K [0x0000000700000000, 0x0000000702500000, 0x00000007aab00000)
  object space 37888K, 93% used [0x0000000700000000,0x0000000702283388,0x0000000702500000)
 Metaspace       used 33705K, committed 34112K, reserved 1114112K
  class space    used 4675K, committed 4864K, reserved 1048576K
}
Event: 61.319 GC heap after
{Heap after GC invocations=51 (full 3):
 PSYoungGen      total 339456K, used 14076K [0x00000007aab00000, 0x00000007c1180000, 0x0000000800000000)
  eden space 320000K, 0% used [0x00000007aab00000,0x00000007aab00000,0x00000007be380000)
  from space 19456K, 72% used [0x00000007bfe80000,0x00000007c0c3f228,0x00000007c1180000)
  to   space 23552K, 0% used [0x00000007be380000,0x00000007be380000,0x00000007bfa80000)
 ParOldGen       total 37888K, used 35796K [0x0000000700000000, 0x0000000702500000, 0x00000007aab00000)
  object space 37888K, 94% used [0x0000000700000000,0x00000007022f5388,0x0000000702500000)
 Metaspace       used 33705K, committed 34112K, reserved 1114112K
  class space    used 4675K, committed 4864K, reserved 1048576K
}
Event: 65.239 GC heap before
{Heap before GC invocations=52 (full 3):
 PSYoungGen      total 339456K, used 334076K [0x00000007aab00000, 0x00000007c1180000, 0x0000000800000000)
  eden space 320000K, 100% used [0x00000007aab00000,0x00000007be380000,0x00000007be380000)
  from space 19456K, 72% used [0x00000007bfe80000,0x00000007c0c3f228,0x00000007c1180000)
  to   space 23552K, 0% used [0x00000007be380000,0x00000007be380000,0x00000007bfa80000)
 ParOldGen       total 37888K, used 35796K [0x0000000700000000, 0x0000000702500000, 0x00000007aab00000)
  object space 37888K, 94% used [0x0000000700000000,0x00000007022f5388,0x0000000702500000)
 Metaspace       used 33744K, committed 34176K, reserved 1114112K
  class space    used 4679K, committed 4864K, reserved 1048576K
}
Event: 65.263 GC heap after
{Heap after GC invocations=52 (full 3):
 PSYoungGen      total 343552K, used 14703K [0x00000007aab00000, 0x00000007c2780000, 0x0000000800000000)
  eden space 320000K, 0% used [0x00000007aab00000,0x00000007aab00000,0x00000007be380000)
  from space 23552K, 62% used [0x00000007be380000,0x00000007bf1dbc60,0x00000007bfa80000)
  to   space 23040K, 0% used [0x00000007c1100000,0x00000007c1100000,0x00000007c2780000)
 ParOldGen       total 37888K, used 36364K [0x0000000700000000, 0x0000000702500000, 0x00000007aab00000)
  object space 37888K, 95% used [0x0000000700000000,0x0000000702383388,0x0000000702500000)
 Metaspace       used 33744K, committed 34176K, reserved 1114112K
  class space    used 4679K, committed 4864K, reserved 1048576K
}
Event: 69.243 GC heap before
{Heap before GC invocations=53 (full 3):
 PSYoungGen      total 343552K, used 334703K [0x00000007aab00000, 0x00000007c2780000, 0x0000000800000000)
  eden space 320000K, 100% used [0x00000007aab00000,0x00000007be380000,0x00000007be380000)
  from space 23552K, 62% used [0x00000007be380000,0x00000007bf1dbc60,0x00000007bfa80000)
  to   space 23040K, 0% used [0x00000007c1100000,0x00000007c1100000,0x00000007c2780000)
 ParOldGen       total 37888K, used 36364K [0x0000000700000000, 0x0000000702500000, 0x00000007aab00000)
  object space 37888K, 95% used [0x0000000700000000,0x0000000702383388,0x0000000702500000)
 Metaspace       used 36588K, committed 36992K, reserved 1114112K
  class space    used 4918K, committed 5120K, reserved 1048576K
}
Event: 69.382 GC heap after
{Heap after GC invocations=53 (full 3):
 PSYoungGen      total 366592K, used 16220K [0x00000007aab00000, 0x00000007c2780000, 0x0000000800000000)
  eden space 343552K, 0% used [0x00000007aab00000,0x00000007aab00000,0x00000007bfa80000)
  from space 23040K, 70% used [0x00000007c1100000,0x00000007c20d7388,0x00000007c2780000)
  to   space 23040K, 0% used [0x00000007bfa80000,0x00000007bfa80000,0x00000007c1100000)
 ParOldGen       total 37888K, used 36756K [0x0000000700000000, 0x0000000702500000, 0x00000007aab00000)
  object space 37888K, 97% used [0x0000000700000000,0x00000007023e5388,0x0000000702500000)
 Metaspace       used 36588K, committed 36992K, reserved 1114112K
  class space    used 4918K, committed 5120K, reserved 1048576K
}
Event: 73.221 GC heap before
{Heap before GC invocations=54 (full 4):
 PSYoungGen      total 366592K, used 359772K [0x00000007aab00000, 0x00000007c2780000, 0x0000000800000000)
  eden space 343552K, 100% used [0x00000007aab00000,0x00000007bfa80000,0x00000007bfa80000)
  from space 23040K, 70% used [0x00000007c1100000,0x00000007c20d7388,0x00000007c2780000)
  to   space 23040K, 0% used [0x00000007bfa80000,0x00000007bfa80000,0x00000007c1100000)
 ParOldGen       total 37888K, used 36756K [0x0000000700000000, 0x0000000702500000, 0x00000007aab00000)
  object space 37888K, 97% used [0x0000000700000000,0x00000007023e5388,0x0000000702500000)
 Metaspace       used 36969K, committed 37376K, reserved 1114112K
  class space    used 4943K, committed 5120K, reserved 1048576K
}
Event: 73.443 GC heap after
{Heap after GC invocations=54 (full 4):
 PSYoungGen      total 366592K, used 0K [0x00000007aab00000, 0x00000007c4600000, 0x0000000800000000)
  eden space 343552K, 0% used [0x00000007aab00000,0x00000007aab00000,0x00000007bfa80000)
  from space 23040K, 0% used [0x00000007bfa80000,0x00000007bfa80000,0x00000007c1100000)
  to   space 23040K, 0% used [0x00000007c2f80000,0x00000007c2f80000,0x00000007c4600000)
 ParOldGen       total 50176K, used 35076K [0x0000000700000000, 0x0000000703100000, 0x00000007aab00000)
  object space 50176K, 69% used [0x0000000700000000,0x00000007022411a8,0x0000000703100000)
 Metaspace       used 36969K, committed 37376K, reserved 1114112K
  class space    used 4943K, committed 5120K, reserved 1048576K
}
Event: 76.623 GC heap before
{Heap before GC invocations=55 (full 4):
 PSYoungGen      total 366592K, used 343552K [0x00000007aab00000, 0x00000007c4600000, 0x0000000800000000)
  eden space 343552K, 100% used [0x00000007aab00000,0x00000007bfa80000,0x00000007bfa80000)
  from space 23040K, 0% used [0x00000007bfa80000,0x00000007bfa80000,0x00000007c1100000)
  to   space 23040K, 0% used [0x00000007c2f80000,0x00000007c2f80000,0x00000007c4600000)
 ParOldGen       total 50176K, used 35076K [0x0000000700000000, 0x0000000703100000, 0x00000007aab00000)
  object space 50176K, 69% used [0x0000000700000000,0x00000007022411a8,0x0000000703100000)
 Metaspace       used 36969K, committed 37376K, reserved 1114112K
  class space    used 4944K, committed 5120K, reserved 1048576K
}
Event: 76.642 GC heap after
{Heap after GC invocations=55 (full 4):
 PSYoungGen      total 390656K, used 4825K [0x00000007aab00000, 0x00000007c4300000, 0x0000000800000000)
  eden space 370688K, 0% used [0x00000007aab00000,0x00000007aab00000,0x00000007c1500000)
  from space 19968K, 24% used [0x00000007c2f80000,0x00000007c3436520,0x00000007c4300000)
  to   space 23552K, 0% used [0x00000007c1500000,0x00000007c1500000,0x00000007c2c00000)
 ParOldGen       total 50176K, used 35076K [0x0000000700000000, 0x0000000703100000, 0x00000007aab00000)
  object space 50176K, 69% used [0x0000000700000000,0x00000007022411a8,0x0000000703100000)
 Metaspace       used 36969K, committed 37376K, reserved 1114112K
  class space    used 4944K, committed 5120K, reserved 1048576K
}
Event: 79.362 GC heap before
{Heap before GC invocations=56 (full 4):
 PSYoungGen      total 390656K, used 375513K [0x00000007aab00000, 0x00000007c4300000, 0x0000000800000000)
  eden space 370688K, 100% used [0x00000007aab00000,0x00000007c1500000,0x00000007c1500000)
  from space 19968K, 24% used [0x00000007c2f80000,0x00000007c3436520,0x00000007c4300000)
  to   space 23552K, 0% used [0x00000007c1500000,0x00000007c1500000,0x00000007c2c00000)
 ParOldGen       total 50176K, used 35076K [0x0000000700000000, 0x0000000703100000, 0x00000007aab00000)
  object space 50176K, 69% used [0x0000000700000000,0x00000007022411a8,0x0000000703100000)
 Metaspace       used 37041K, committed 37440K, reserved 1114112K
  class space    used 4956K, committed 5120K, reserved 1048576K
}
Event: 79.382 GC heap after
{Heap after GC invocations=56 (full 4):
 PSYoungGen      total 394240K, used 6969K [0x00000007aab00000, 0x00000007c5c00000, 0x0000000800000000)
  eden space 370688K, 0% used [0x00000007aab00000,0x00000007aab00000,0x00000007c1500000)
  from space 23552K, 29% used [0x00000007c1500000,0x00000007c1bce520,0x00000007c2c00000)
  to   space 23552K, 0% used [0x00000007c4500000,0x00000007c4500000,0x00000007c5c00000)
 ParOldGen       total 50176K, used 35084K [0x0000000700000000, 0x0000000703100000, 0x00000007aab00000)
  object space 50176K, 69% used [0x0000000700000000,0x00000007022431a8,0x0000000703100000)
 Metaspace       used 37041K, committed 37440K, reserved 1114112K
  class space    used 4956K, committed 5120K, reserved 1048576K
}
Event: 89.506 GC heap before
{Heap before GC invocations=57 (full 4):
 PSYoungGen      total 394240K, used 377657K [0x00000007aab00000, 0x00000007c5c00000, 0x0000000800000000)
  eden space 370688K, 100% used [0x00000007aab00000,0x00000007c1500000,0x00000007c1500000)
  from space 23552K, 29% used [0x00000007c1500000,0x00000007c1bce520,0x00000007c2c00000)
  to   space 23552K, 0% used [0x00000007c4500000,0x00000007c4500000,0x00000007c5c00000)
 ParOldGen       total 50176K, used 35084K [0x0000000700000000, 0x0000000703100000, 0x00000007aab00000)
  object space 50176K, 69% used [0x0000000700000000,0x00000007022431a8,0x0000000703100000)
 Metaspace       used 60373K, committed 60928K, reserved 1114112K
  class space    used 8310K, committed 8576K, reserved 1048576K
}
Event: 89.720 GC heap after
{Heap after GC invocations=57 (full 4):
 PSYoungGen      total 414720K, used 23528K [0x00000007aab00000, 0x00000007c6600000, 0x0000000800000000)
  eden space 391168K, 0% used [0x00000007aab00000,0x00000007aab00000,0x00000007c2900000)
  from space 23552K, 99% used [0x00000007c4500000,0x00000007c5bfa208,0x00000007c5c00000)
  to   space 28672K, 0% used [0x00000007c2900000,0x00000007c2900000,0x00000007c4500000)
 ParOldGen       total 50176K, used 40553K [0x0000000700000000, 0x0000000703100000, 0x00000007aab00000)
  object space 50176K, 80% used [0x0000000700000000,0x000000070279a460,0x0000000703100000)
 Metaspace       used 60373K, committed 60928K, reserved 1114112K
  class space    used 8310K, committed 8576K, reserved 1048576K
}
Event: 90.323 GC heap before
{Heap before GC invocations=58 (full 4):
 PSYoungGen      total 414720K, used 39161K [0x00000007aab00000, 0x00000007c6600000, 0x0000000800000000)
  eden space 391168K, 3% used [0x00000007aab00000,0x00000007aba44550,0x00000007c2900000)
  from space 23552K, 99% used [0x00000007c4500000,0x00000007c5bfa208,0x00000007c5c00000)
  to   space 28672K, 0% used [0x00000007c2900000,0x00000007c2900000,0x00000007c4500000)
 ParOldGen       total 50176K, used 40553K [0x0000000700000000, 0x0000000703100000, 0x00000007aab00000)
  object space 50176K, 80% used [0x0000000700000000,0x000000070279a460,0x0000000703100000)
 Metaspace       used 61823K, committed 62336K, reserved 1114112K
  class space    used 8443K, committed 8704K, reserved 1048576K
}
Event: 90.560 GC heap after
{Heap after GC invocations=58 (full 4):
 PSYoungGen      total 419840K, used 24459K [0x00000007aab00000, 0x00000007c6b00000, 0x0000000800000000)
  eden space 391168K, 0% used [0x00000007aab00000,0x00000007aab00000,0x00000007c2900000)
  from space 28672K, 85% used [0x00000007c2900000,0x00000007c40e2ed0,0x00000007c4500000)
  to   space 31232K, 0% used [0x00000007c4c80000,0x00000007c4c80000,0x00000007c6b00000)
 ParOldGen       total 50176K, used 40561K [0x0000000700000000, 0x0000000703100000, 0x00000007aab00000)
  object space 50176K, 80% used [0x0000000700000000,0x000000070279c460,0x0000000703100000)
 Metaspace       used 61823K, committed 62336K, reserved 1114112K
  class space    used 8443K, committed 8704K, reserved 1048576K
}
Event: 90.560 GC heap before
{Heap before GC invocations=59 (full 5):
 PSYoungGen      total 419840K, used 24459K [0x00000007aab00000, 0x00000007c6b00000, 0x0000000800000000)
  eden space 391168K, 0% used [0x00000007aab00000,0x00000007aab00000,0x00000007c2900000)
  from space 28672K, 85% used [0x00000007c2900000,0x00000007c40e2ed0,0x00000007c4500000)
  to   space 31232K, 0% used [0x00000007c4c80000,0x00000007c4c80000,0x00000007c6b00000)
 ParOldGen       total 50176K, used 40561K [0x0000000700000000, 0x0000000703100000, 0x00000007aab00000)
  object space 50176K, 80% used [0x0000000700000000,0x000000070279c460,0x0000000703100000)
 Metaspace       used 61823K, committed 62336K, reserved 1114112K
  class space    used 8443K, committed 8704K, reserved 1048576K
}
Event: 91.284 GC heap after
{Heap after GC invocations=59 (full 5):
 PSYoungGen      total 419840K, used 375K [0x00000007aab00000, 0x00000007c6b00000, 0x0000000800000000)
  eden space 391168K, 0% used [0x00000007aab00000,0x00000007aab00000,0x00000007c2900000)
  from space 28672K, 1% used [0x00000007c2900000,0x00000007c295dfc0,0x00000007c4500000)
  to   space 31232K, 0% used [0x00000007c4c80000,0x00000007c4c80000,0x00000007c6b00000)
 ParOldGen       total 50176K, used 50128K [0x0000000700000000, 0x0000000703100000, 0x00000007aab00000)
  object space 50176K, 99% used [0x0000000700000000,0x00000007030f41e8,0x0000000703100000)
 Metaspace       used 61823K, committed 62336K, reserved 1114112K
  class space    used 8443K, committed 8704K, reserved 1048576K
}

Dll operation events (14 events):
Event: 0.003 Loaded shared library /usr/lib/jvm/java-17-openjdk-amd64/lib/libjava.so
Event: 0.061 Loaded shared library /usr/lib/jvm/java-17-openjdk-amd64/lib/libjsvml.so
Event: 0.220 Loaded shared library /usr/lib/jvm/java-17-openjdk-amd64/lib/libzip.so
Event: 0.221 Loaded shared library /usr/lib/jvm/java-17-openjdk-amd64/lib/libinstrument.so
Event: 0.223 Loaded shared library /usr/lib/jvm/java-17-openjdk-amd64/lib/libnio.so
Event: 0.241 Loaded shared library /usr/lib/jvm/java-17-openjdk-amd64/lib/libzip.so
Event: 0.563 Loaded shared library /usr/lib/jvm/java-17-openjdk-amd64/lib/libjimage.so
Event: 0.885 Loaded shared library /usr/lib/jvm/java-17-openjdk-amd64/lib/libverify.so
Event: 1.519 Loaded shared library /usr/lib/jvm/java-17-openjdk-amd64/lib/libnet.so
Event: 1.520 Loaded shared library /root/.gradle/native/c067742578af261105cb4f569cf0c3c89f3d7b1fecec35dd04571415982c5e48/linux-amd64/libnative-platform.so
Event: 1.541 Loaded shared library /root/.gradle/native/100fb08df4bc3b14c8652ba06237920a3bd2aa13389f12d3474272988ae205f9/linux-amd64/libnative-platform-file-events.so
Event: 3.921 Loaded shared library /usr/lib/jvm/java-17-openjdk-amd64/lib/libmanagement.so
Event: 3.922 Loaded shared library /usr/lib/jvm/java-17-openjdk-amd64/lib/libmanagement_ext.so
Event: 4.402 Loaded shared library /usr/lib/jvm/java-17-openjdk-amd64/lib/libextnet.so

Deoptimization events (20 events):
Event: 100.263 Thread 0x00007fc74c00bdb0 Uncommon trap: trap_request=0xffffffc6 fr.pc=0x00007fc7d14c6530 relative=0x0000000000000530
Event: 100.263 Thread 0x00007fc74c00bdb0 Uncommon trap: reason=bimorphic_or_optimized_type_check action=maybe_recompile pc=0x00007fc7d14c6530 method=org.jetbrains.kotlin.protobuf.CodedInputStream.tryRefillBuffer(I)Z @ 177 c2
Event: 100.263 Thread 0x00007fc74c00bdb0 DEOPT PACKING pc=0x00007fc7d14c6530 sp=0x00007fc776ff51c0
Event: 100.263 Thread 0x00007fc74c00bdb0 DEOPT UNPACKING pc=0x00007fc7d0ade819 sp=0x00007fc776ff50a8 mode 2
Event: 100.281 Thread 0x00007fc74c00bdb0 Uncommon trap: trap_request=0xffffffc6 fr.pc=0x00007fc7d14c6530 relative=0x0000000000000530
Event: 100.281 Thread 0x00007fc74c00bdb0 Uncommon trap: reason=bimorphic_or_optimized_type_check action=maybe_recompile pc=0x00007fc7d14c6530 method=org.jetbrains.kotlin.protobuf.CodedInputStream.tryRefillBuffer(I)Z @ 177 c2
Event: 100.281 Thread 0x00007fc74c00bdb0 DEOPT PACKING pc=0x00007fc7d14c6530 sp=0x00007fc776ff51c0
Event: 100.281 Thread 0x00007fc74c00bdb0 DEOPT UNPACKING pc=0x00007fc7d0ade819 sp=0x00007fc776ff50a8 mode 2
Event: 100.282 Thread 0x00007fc74c00bdb0 Uncommon trap: trap_request=0xffffffc6 fr.pc=0x00007fc7d14c6530 relative=0x0000000000000530
Event: 100.282 Thread 0x00007fc74c00bdb0 Uncommon trap: reason=bimorphic_or_optimized_type_check action=maybe_recompile pc=0x00007fc7d14c6530 method=org.jetbrains.kotlin.protobuf.CodedInputStream.tryRefillBuffer(I)Z @ 177 c2
Event: 100.282 Thread 0x00007fc74c00bdb0 DEOPT PACKING pc=0x00007fc7d14c6530 sp=0x00007fc776ff5090
Event: 100.282 Thread 0x00007fc74c00bdb0 DEOPT UNPACKING pc=0x00007fc7d0ade819 sp=0x00007fc776ff4f70 mode 2
Event: 100.321 Thread 0x00007fc74c00bdb0 Uncommon trap: trap_request=0xffffffc6 fr.pc=0x00007fc7d14c6530 relative=0x0000000000000530
Event: 100.321 Thread 0x00007fc74c00bdb0 Uncommon trap: reason=bimorphic_or_optimized_type_check action=maybe_recompile pc=0x00007fc7d14c6530 method=org.jetbrains.kotlin.protobuf.CodedInputStream.tryRefillBuffer(I)Z @ 177 c2
Event: 100.321 Thread 0x00007fc74c00bdb0 DEOPT PACKING pc=0x00007fc7d14c6530 sp=0x00007fc776ff5090
Event: 100.321 Thread 0x00007fc74c00bdb0 DEOPT UNPACKING pc=0x00007fc7d0ade819 sp=0x00007fc776ff4f70 mode 2
Event: 100.379 Thread 0x00007fc74c00bdb0 Uncommon trap: trap_request=0xffffffc6 fr.pc=0x00007fc7d14c7f30 relative=0x0000000000000250
Event: 100.379 Thread 0x00007fc74c00bdb0 Uncommon trap: reason=bimorphic_or_optimized_type_check action=maybe_recompile pc=0x00007fc7d14c7f30 method=org.jetbrains.kotlin.protobuf.CodedInputStream.tryRefillBuffer(I)Z @ 177 c2
Event: 100.379 Thread 0x00007fc74c00bdb0 DEOPT PACKING pc=0x00007fc7d14c7f30 sp=0x00007fc776ff4b90
Event: 100.379 Thread 0x00007fc74c00bdb0 DEOPT UNPACKING pc=0x00007fc7d0ade819 sp=0x00007fc776ff4ac8 mode 2

Classes loaded (20 events):
Event: 86.242 Loading class sun/nio/ch/FileChannelImpl$DefaultUnmapper
Event: 86.242 Loading class sun/nio/ch/FileChannelImpl$Unmapper
Event: 86.242 Loading class jdk/internal/access/foreign/UnmapperProxy
Event: 86.242 Loading class jdk/internal/access/foreign/UnmapperProxy done
Event: 86.242 Loading class sun/nio/ch/FileChannelImpl$Unmapper done
Event: 86.242 Loading class sun/nio/ch/FileChannelImpl$DefaultUnmapper done
Event: 86.242 Loading class sun/nio/ch/Util$4
Event: 86.242 Loading class sun/nio/ch/Util$4 done
Event: 86.243 Loading class java/io/UTFDataFormatException
Event: 86.243 Loading class java/io/UTFDataFormatException done
Event: 86.302 Loading class java/util/DualPivotQuicksort
Event: 86.302 Loading class java/util/DualPivotQuicksort done
Event: 87.341 Loading class java/nio/channels/Channels$ReadableByteChannelImpl
Event: 87.341 Loading class java/nio/channels/Channels$ReadableByteChannelImpl done
Event: 87.341 Loading class java/nio/channels/NonWritableChannelException
Event: 87.341 Loading class java/nio/channels/NonWritableChannelException done
Event: 87.341 Loading class sun/nio/ch/ChannelInputStream
Event: 87.341 Loading class sun/nio/ch/ChannelInputStream done
Event: 98.700 Loading class java/util/ArrayList$ListItr
Event: 98.701 Loading class java/util/ArrayList$ListItr done

Classes unloaded (0 events):
No events

Classes redefined (0 events):
No events

Internal exceptions (20 events):
Event: 81.083 Thread 0x00007fc74c00bdb0 Exception <a 'java/lang/IncompatibleClassChangeError'{0x00000007b40a1558}: Found class java.lang.Object, but interface was expected> (0x00000007b40a1558) 
thrown [./src/hotspot/share/interpreter/linkResolver.cpp, line 826]
Event: 81.140 Thread 0x00007fc74c00bdb0 Exception <a 'java/lang/NoSuchMethodError'{0x00000007b4112ca0}: 'void java.lang.invoke.DirectMethodHandle$Holder.invokeStatic(java.lang.Object, java.lang.Object, java.lang.Object, java.lang.Object, java.lang.Object, java.lang.Object)'> (0x00000007b4112ca0) 
thrown [./src/hotspot/share/interpreter/linkResolver.cpp, line 758]
Event: 81.344 Thread 0x00007fc74c00bdb0 Exception <a 'java/lang/NoSuchMethodError'{0x00000007b440b278}: 'java.lang.Object java.lang.invoke.DirectMethodHandle$Holder.invokeStaticInit(java.lang.Object, int)'> (0x00000007b440b278) 
thrown [./src/hotspot/share/interpreter/linkResolver.cpp, line 758]
Event: 83.240 Thread 0x00007fc74c00bdb0 Implicit null exception at 0x00007fc7d10384d4 to 0x00007fc7d1038aac
Event: 83.687 Thread 0x00007fc74c00bdb0 Implicit null exception at 0x00007fc7d102d254 to 0x00007fc7d102d820
Event: 84.622 Thread 0x00007fc74c00bdb0 Exception <a 'java/lang/NoSuchMethodError'{0x00000007b82829d8}: 'long java.lang.invoke.DirectMethodHandle$Holder.invokeStatic(java.lang.Object)'> (0x00000007b82829d8) 
thrown [./src/hotspot/share/interpreter/linkResolver.cpp, line 758]
Event: 84.622 Thread 0x00007fc74c00bdb0 Exception <a 'java/lang/NoSuchMethodError'{0x00000007b8287318}: 'long java.lang.invoke.DirectMethodHandle$Holder.invokeStaticInit(java.lang.Object)'> (0x00000007b8287318) 
thrown [./src/hotspot/share/interpreter/linkResolver.cpp, line 758]
Event: 84.899 Thread 0x00007fc74c00bdb0 Exception <a 'java/lang/NoSuchMethodError'{0x00000007b87c87f0}: 'long java.lang.invoke.Invokers$Holder.invoke_MT(java.lang.Object, java.lang.Object, java.lang.Object, java.lang.Object)'> (0x00000007b87c87f0) 
thrown [./src/hotspot/share/interpreter/linkResolver.cpp, line 758]
Event: 84.900 Thread 0x00007fc74c00bdb0 Exception <a 'java/lang/NoSuchMethodError'{0x00000007b87d18f0}: 'int java.lang.invoke.Invokers$Holder.invoke_MT(java.lang.Object, java.lang.Object, java.lang.Object, java.lang.Object)'> (0x00000007b87d18f0) 
thrown [./src/hotspot/share/interpreter/linkResolver.cpp, line 758]
Event: 84.901 Thread 0x00007fc74c00bdb0 Exception <a 'java/lang/NoSuchMethodError'{0x00000007b87e1f00}: 'void java.lang.invoke.DelegatingMethodHandle$Holder.reinvoke_L(java.lang.Object, java.lang.Object, java.lang.Object, long, java.lang.Object)'> (0x00000007b87e1f00) 
thrown [./src/hotspot/share/interpreter/linkResolver.cpp, line 758]
Event: 84.902 Thread 0x00007fc74c00bdb0 Exception <a 'java/lang/NoSuchMethodError'{0x00000007b87ea588}: 'java.lang.Object java.lang.invoke.DirectMethodHandle$Holder.invokeSpecial(java.lang.Object, java.lang.Object, java.lang.Object, java.lang.Object, long)'> (0x00000007b87ea588) 
thrown [./src/hotspot/share/interpreter/linkResolver.cpp, line 758]
Event: 84.902 Thread 0x00007fc74c00bdb0 Exception <a 'java/lang/NoSuchMethodError'{0x00000007b87faab0}: 'int java.lang.invoke.DelegatingMethodHandle$Holder.reinvoke_L(java.lang.Object, java.lang.Object, java.lang.Object, long, java.lang.Object, java.lang.Object)'> (0x00000007b87faab0) 
thrown [./src/hotspot/share/interpreter/linkResolver.cpp, line 758]
Event: 84.903 Thread 0x00007fc74c00bdb0 Exception <a 'java/lang/NoSuchMethodError'{0x00000007b880a8d8}: 'int java.lang.invoke.DelegatingMethodHandle$Holder.reinvoke_L(java.lang.Object, java.lang.Object, java.lang.Object, long, int, int)'> (0x00000007b880a8d8) 
thrown [./src/hotspot/share/interpreter/linkResolver.cpp, line 758]
Event: 84.920 Thread 0x00007fc74c00bdb0 Exception <a 'java/lang/NoSuchMethodError'{0x00000007b881a4a8}: 'int java.lang.invoke.DelegatingMethodHandle$Holder.reinvoke_L(java.lang.Object, java.lang.Object, java.lang.Object, long, long, long)'> (0x00000007b881a4a8) 
thrown [./src/hotspot/share/interpreter/linkResolver.cpp, line 758]
Event: 84.921 Thread 0x00007fc74c00bdb0 Exception <a 'java/lang/NoSuchMethodError'{0x00000007b8829d58}: 'int java.lang.invoke.DelegatingMethodHandle$Holder.reinvoke_L(java.lang.Object, java.lang.Object, java.lang.Object, long, int)'> (0x00000007b8829d58) 
thrown [./src/hotspot/share/interpreter/linkResolver.cpp, line 758]
Event: 85.675 Thread 0x00007fc74c00bdb0 Exception <a 'java/lang/NoSuchMethodError'{0x00000007ba2bfa90}: 'void java.lang.invoke.DirectMethodHandle$Holder.invokeVirtual(java.lang.Object, java.lang.Object)'> (0x00000007ba2bfa90) 
thrown [./src/hotspot/share/interpreter/linkResolver.cpp, line 758]
Event: 85.802 Thread 0x00007fc74c00bdb0 Exception <a 'java/lang/NoSuchMethodError'{0x00000007ba54e748}: 'int java.lang.invoke.DirectMethodHandle$Holder.invokeVirtual(java.lang.Object, java.lang.Object)'> (0x00000007ba54e748) 
thrown [./src/hotspot/share/interpreter/linkResolver.cpp, line 758]
Event: 86.148 Thread 0x00007fc74c00bdb0 Exception <a 'java/lang/NoSuchMethodError'{0x00000007bb01c5c0}: 'java.lang.Object java.lang.invoke.Invokers$Holder.invokeExact_MT(java.lang.Object, java.lang.Object, long, java.lang.Object)'> (0x00000007bb01c5c0) 
thrown [./src/hotspot/share/interpreter/linkResolver.cpp, line 758]
Event: 86.241 Thread 0x00007fc74c00bdb0 Exception <a 'java/lang/NoSuchMethodError'{0x00000007bb2835c8}: 'java.lang.Object java.lang.invoke.Invokers$Holder.invoke_MT(java.lang.Object, java.lang.Object, java.lang.Object)'> (0x00000007bb2835c8) 
thrown [./src/hotspot/share/interpreter/linkResolver.cpp, line 758]
Event: 98.959 Thread 0x00007fc74c00bdb0 Implicit null exception at 0x00007fc7d115de6c to 0x00007fc7d115df1c

VM Operations (20 events):
Event: 93.301 Executing VM operation: Cleanup
Event: 93.341 Executing VM operation: Cleanup done
Event: 94.342 Executing VM operation: Cleanup
Event: 94.400 Executing VM operation: Cleanup done
Event: 95.401 Executing VM operation: Cleanup
Event: 95.402 Executing VM operation: Cleanup done
Event: 97.403 Executing VM operation: Cleanup
Event: 97.404 Executing VM operation: Cleanup done
Event: 98.185 Executing VM operation: HandshakeAllThreads
Event: 98.204 Executing VM operation: HandshakeAllThreads done
Event: 98.702 Executing VM operation: HandshakeAllThreads
Event: 98.702 Executing VM operation: HandshakeAllThreads done
Event: 98.702 Executing VM operation: Cleanup
Event: 98.705 Executing VM operation: Cleanup done
Event: 98.769 Executing VM operation: HandshakeAllThreads
Event: 98.783 Executing VM operation: HandshakeAllThreads done
Event: 99.801 Executing VM operation: Cleanup
Event: 99.803 Executing VM operation: Cleanup done
Event: 100.246 Executing VM operation: HandshakeAllThreads
Event: 100.247 Executing VM operation: HandshakeAllThreads done

Memory protections (20 events):
Event: 0.161 Protecting memory [0x00007fc7c8f48000,0x00007fc7c8f4c000] with protection modes 0
Event: 0.263 Protecting memory [0x00007fc7c8e47000,0x00007fc7c8e4b000] with protection modes 0
Event: 4.042 Protecting memory [0x00007fc7c8900000,0x00007fc7c8904000] with protection modes 0
Event: 4.440 Protecting memory [0x00007fc7c8500000,0x00007fc7c8504000] with protection modes 0
Event: 4.640 Protecting memory [0x00007fc7c83ff000,0x00007fc7c8403000] with protection modes 0
Event: 4.820 Protecting memory [0x00007fc7c82fe000,0x00007fc7c8302000] with protection modes 0
Event: 4.823 Protecting memory [0x00007fc7c81fd000,0x00007fc7c8201000] with protection modes 0
Event: 4.945 Protecting memory [0x00007fc7c80fc000,0x00007fc7c8100000] with protection modes 0
Event: 4.963 Protecting memory [0x00007fc776f00000,0x00007fc776f04000] with protection modes 0
Event: 5.042 Protecting memory [0x00007fc776dff000,0x00007fc776e03000] with protection modes 0
Event: 5.061 Protecting memory [0x00007fc776cfe000,0x00007fc776d02000] with protection modes 0
Event: 5.099 Protecting memory [0x00007fc776bfd000,0x00007fc776c01000] with protection modes 0
Event: 6.382 Protecting memory [0x00007fc7767a9000,0x00007fc7767ad000] with protection modes 0
Event: 6.422 Protecting memory [0x00007fc776afc000,0x00007fc776b00000] with protection modes 0
Event: 6.622 Protecting memory [0x00007fc7769fb000,0x00007fc7769ff000] with protection modes 0
Event: 9.123 Protecting memory [0x00007fc7768fa000,0x00007fc7768fe000] with protection modes 0
Event: 10.500 Protecting memory [0x00007fc7766a8000,0x00007fc7766ac000] with protection modes 0
Event: 10.562 Protecting memory [0x00007fc7765a7000,0x00007fc7765ab000] with protection modes 0
Event: 10.824 Protecting memory [0x00007fc7764a6000,0x00007fc7764aa000] with protection modes 0
Event: 11.345 Protecting memory [0x00007fc7763a5000,0x00007fc7763a9000] with protection modes 0

Nmethod flushes (20 events):
Event: 65.060 Thread 0x00007fc7e00c8230 flushing  nmethod 0x00007fc7c9e1a110
Event: 65.060 Thread 0x00007fc7e00c8230 flushing  nmethod 0x00007fc7c9e1e990
Event: 65.060 Thread 0x00007fc7e00c8230 flushing  nmethod 0x00007fc7c9e20910
Event: 65.060 Thread 0x00007fc7e00c8230 flushing  nmethod 0x00007fc7c9e21a90
Event: 65.060 Thread 0x00007fc7e00c8230 flushing  nmethod 0x00007fc7c9e23810
Event: 65.060 Thread 0x00007fc7e00c8230 flushing  nmethod 0x00007fc7c9e23e90
Event: 65.060 Thread 0x00007fc7e00c8230 flushing  nmethod 0x00007fc7c9e25610
Event: 65.060 Thread 0x00007fc7e00c8230 flushing  nmethod 0x00007fc7c9e2c990
Event: 65.061 Thread 0x00007fc7e00c8230 flushing  nmethod 0x00007fc7c9e48b10
Event: 65.061 Thread 0x00007fc7e00c8230 flushing  nmethod 0x00007fc7c9e64390
Event: 65.061 Thread 0x00007fc7e00c8230 flushing  nmethod 0x00007fc7c9e71210
Event: 65.061 Thread 0x00007fc7e00c8230 flushing  nmethod 0x00007fc7c9e71790
Event: 65.061 Thread 0x00007fc7e00c8230 flushing  nmethod 0x00007fc7c9e75b90
Event: 65.061 Thread 0x00007fc7e00c8230 flushing  nmethod 0x00007fc7c9e76f10
Event: 65.061 Thread 0x00007fc7e00c8230 flushing  nmethod 0x00007fc7c9e7b090
Event: 65.061 Thread 0x00007fc7e00c8230 flushing  nmethod 0x00007fc7c9e7f210
Event: 65.061 Thread 0x00007fc7e00c8230 flushing  nmethod 0x00007fc7c9eab410
Event: 65.061 Thread 0x00007fc7e00c8230 flushing  nmethod 0x00007fc7c9ec5210
Event: 65.061 Thread 0x00007fc7e00c8230 flushing  nmethod 0x00007fc7c9ed1d10
Event: 81.303 Thread 0x00007fc7e00c8230 flushing  nmethod 0x00007fc7c9ad5290

Events (20 events):
Event: 0.161 Thread 0x00007fc7e001a170 Thread added: 0x00007fc7e00fc330
Event: 0.263 Thread 0x00007fc7e001a170 Thread added: 0x00007fc7e01b7ca0
Event: 4.041 Thread 0x00007fc7e001a170 Thread added: 0x00007fc7e1140720
Event: 4.439 Thread 0x00007fc7e001a170 Thread added: 0x00007fc7e11aa910
Event: 4.639 Thread 0x00007fc7e001a170 Thread added: 0x00007fc7e11d56c0
Event: 4.820 Thread 0x00007fc7e11aa910 Thread added: 0x00007fc74401f420
Event: 4.823 Thread 0x00007fc74401f420 Thread added: 0x00007fc74c0042f0
Event: 4.945 Thread 0x00007fc74401f420 Thread added: 0x00007fc74c006e10
Event: 4.963 Thread 0x00007fc74401f420 Thread added: 0x00007fc74c00bdb0
Event: 5.041 Thread 0x00007fc74c00bdb0 Thread added: 0x00007fc75021e450
Event: 5.043 Thread 0x00007fc74c00bdb0 Thread added: 0x00007fc750224700
Event: 5.083 Thread 0x00007fc74c00bdb0 Thread added: 0x00007fc750227280
Event: 6.362 Thread 0x00007fc74c00bdb0 Thread added: 0x00007fc7507570c0
Event: 6.403 Thread 0x00007fc74c00bdb0 Thread added: 0x00007fc7507b0100
Event: 6.621 Thread 0x00007fc74c00bdb0 Thread added: 0x00007fc7507ce0d0
Event: 9.121 Thread 0x00007fc74c00bdb0 Thread added: 0x00007fc750c6dee0
Event: 10.500 Thread 0x00007fc74c00bdb0 Thread added: 0x00007fc7501daf80
Event: 10.562 Thread 0x00007fc74c00bdb0 Thread added: 0x00007fc750160580
Event: 10.824 Thread 0x00007fc74c00bdb0 Thread added: 0x00007fc7505a65d0
Event: 11.345 Thread 0x00007fc74c00bdb0 Thread added: 0x00007fc750b8e3e0


Dynamic libraries:
700000000-703100000 rw-p 00000000 00:00 0 
703100000-7aab00000 ---p 00000000 00:00 0 
7aab00000-7c6b00000 rw-p 00000000 00:00 0 
7c6b00000-800000000 ---p 00000000 00:00 0 
564c0f148000-564c0f149000 r--p 00000000 00:25 13485                      /usr/lib/jvm/java-17-openjdk-amd64/bin/java
564c0f149000-564c0f14a000 r-xp 00001000 00:25 13485                      /usr/lib/jvm/java-17-openjdk-amd64/bin/java
564c0f14a000-564c0f14b000 r--p 00002000 00:25 13485                      /usr/lib/jvm/java-17-openjdk-amd64/bin/java
564c0f14b000-564c0f14c000 r--p 00002000 00:25 13485                      /usr/lib/jvm/java-17-openjdk-amd64/bin/java
564c0f14c000-564c0f14d000 rw-p 00003000 00:25 13485                      /usr/lib/jvm/java-17-openjdk-amd64/bin/java
564c0f469000-564c0f4b0000 rw-p 00000000 00:00 0                          [heap]
7fc73854d000-7fc740000000 r--s 00000000 00:25 13833                      /usr/lib/jvm/java-17-openjdk-amd64/lib/modules
7fc740000000-7fc740021000 rw-p 00000000 00:00 0 
7fc740021000-7fc744000000 ---p 00000000 00:00 0 
7fc744000000-7fc74405d000 rw-p 00000000 00:00 0 
7fc74405d000-7fc748000000 ---p 00000000 00:00 0 
7fc748000000-7fc748022000 rw-p 00000000 00:00 0 
7fc748022000-7fc74c000000 ---p 00000000 00:00 0 
7fc74c000000-7fc74c021000 rw-p 00000000 00:00 0 
7fc74c021000-7fc750000000 ---p 00000000 00:00 0 
7fc750000000-7fc751dda000 rw-p 00000000 00:00 0 
7fc751dda000-7fc754000000 ---p 00000000 00:00 0 
7fc754000000-7fc754062000 rw-p 00000000 00:00 0 
7fc754062000-7fc758000000 ---p 00000000 00:00 0 
7fc758000000-7fc758021000 rw-p 00000000 00:00 0 
7fc758021000-7fc75c000000 ---p 00000000 00:00 0 
7fc75c000000-7fc75e35e000 rw-p 00000000 00:00 0 
7fc75e35e000-7fc760000000 ---p 00000000 00:00 0 
7fc760000000-7fc760021000 rw-p 00000000 00:00 0 
7fc760021000-7fc764000000 ---p 00000000 00:00 0 
7fc764000000-7fc764021000 rw-p 00000000 00:00 0 
7fc764021000-7fc768000000 ---p 00000000 00:00 0 
7fc768000000-7fc768021000 rw-p 00000000 00:00 0 
7fc768021000-7fc76c000000 ---p 00000000 00:00 0 
7fc76c000000-7fc76c021000 rw-p 00000000 00:00 0 
7fc76c021000-7fc770000000 ---p 00000000 00:00 0 
7fc770000000-7fc770021000 rw-p 00000000 00:00 0 
7fc770021000-7fc774000000 ---p 00000000 00:00 0 
7fc7763a4000-7fc7763a5000 ---p 00000000 00:00 0 
7fc7763a5000-7fc7763a9000 ---p 00000000 00:00 0 
7fc7763a9000-7fc7764a5000 rw-p 00000000 00:00 0 
7fc7764a5000-7fc7764a6000 ---p 00000000 00:00 0 
7fc7764a6000-7fc7764aa000 ---p 00000000 00:00 0 
7fc7764aa000-7fc7765a6000 rw-p 00000000 00:00 0 
7fc7765a6000-7fc7765a7000 ---p 00000000 00:00 0 
7fc7765a7000-7fc7765ab000 ---p 00000000 00:00 0 
7fc7765ab000-7fc7766a7000 rw-p 00000000 00:00 0 
7fc7766a7000-7fc7766a8000 ---p 00000000 00:00 0 
7fc7766a8000-7fc7766ac000 ---p 00000000 00:00 0 
7fc7766ac000-7fc7767a8000 rw-p 00000000 00:00 0 
7fc7767a8000-7fc7767a9000 ---p 00000000 00:00 0 
7fc7767a9000-7fc7767ad000 ---p 00000000 00:00 0 
7fc7767ad000-7fc7768a9000 rw-p 00000000 00:00 0 
7fc7768f9000-7fc7768fa000 ---p 00000000 00:00 0 
7fc7768fa000-7fc7768fe000 ---p 00000000 00:00 0 
7fc7768fe000-7fc7769fa000 rw-p 00000000 00:00 0 
7fc7769fa000-7fc7769fb000 ---p 00000000 00:00 0 
7fc7769fb000-7fc7769ff000 ---p 00000000 00:00 0 
7fc7769ff000-7fc776afb000 rw-p 00000000 00:00 0 
7fc776afb000-7fc776afc000 ---p 00000000 00:00 0 
7fc776afc000-7fc776b00000 ---p 00000000 00:00 0 
7fc776b00000-7fc776bfc000 rw-p 00000000 00:00 0 
7fc776bfc000-7fc776bfd000 ---p 00000000 00:00 0 
7fc776bfd000-7fc776c01000 ---p 00000000 00:00 0 
7fc776c01000-7fc776cfd000 rw-p 00000000 00:00 0 
7fc776cfd000-7fc776cfe000 ---p 00000000 00:00 0 
7fc776cfe000-7fc776d02000 ---p 00000000 00:00 0 
7fc776d02000-7fc776dfe000 rw-p 00000000 00:00 0 
7fc776dfe000-7fc776dff000 ---p 00000000 00:00 0 
7fc776dff000-7fc776e03000 ---p 00000000 00:00 0 
7fc776e03000-7fc776eff000 rw-p 00000000 00:00 0 
7fc776eff000-7fc776f00000 ---p 00000000 00:00 0 
7fc776f00000-7fc776f04000 ---p 00000000 00:00 0 
7fc776f04000-7fc777400000 rw-p 00000000 00:00 0 
7fc777400000-7fc777900000 rw-p 00000000 00:00 0 
7fc777900000-7fc778580000 rw-p 00000000 00:00 0 
7fc778580000-7fc778600000 rw-p 00000000 00:00 0 
7fc778600000-7fc778700000 rw-p 00000000 00:00 0 
7fc778700000-7fc778800000 rw-p 00000000 00:00 0 
7fc778800000-7fc778900000 rw-p 00000000 00:00 0 
7fc778900000-7fc778a00000 rw-p 00000000 00:00 0 
7fc778a00000-7fc779580000 rw-p 00000000 00:00 0 
7fc779580000-7fc7795e0000 rw-p 00000000 00:00 0 
7fc7795e0000-7fc779600000 ---p 00000000 00:00 0 
7fc779600000-7fc779e20000 rw-p 00000000 00:00 0 
7fc779e20000-7fc77a960000 rw-p 00000000 00:00 0 
7fc77a970000-7fc77b000000 ---p 00000000 00:00 0 
7fc77b000000-7fc77b455000 rw-p 00001000 00:25 13842                      /usr/lib/jvm/java-17-openjdk-amd64/lib/server/classes.jsa
7fc77b455000-7fc77bbca000 rw-p 00456000 00:25 13842                      /usr/lib/jvm/java-17-openjdk-amd64/lib/server/classes.jsa
7fc77bbca000-7fc77c000000 ---p 00000000 00:00 0 
7fc77c000000-7fc77c040000 rw-p 00000000 00:00 0 
7fc77c040000-7fc77c080000 rw-p 00000000 00:00 0 
7fc77c080000-7fc77c140000 rw-p 00000000 00:00 0 
7fc77c140000-7fc77c180000 rw-p 00000000 00:00 0 
7fc77c180000-7fc77c440000 rw-p 00000000 00:00 0 
7fc77c440000-7fc77c910000 rw-p 00000000 00:00 0 
7fc77c910000-7fc7bc000000 ---p 00000000 00:00 0 
7fc7bc000000-7fc7c4000000 rw-p 00000000 00:00 0 
7fc7c4000000-7fc7c4070000 rw-p 00000000 00:00 0 
7fc7c4070000-7fc7c8000000 ---p 00000000 00:00 0 
7fc7c80fb000-7fc7c80fc000 ---p 00000000 00:00 0 
7fc7c80fc000-7fc7c8100000 ---p 00000000 00:00 0 
7fc7c8100000-7fc7c81fc000 rw-p 00000000 00:00 0 
7fc7c81fc000-7fc7c81fd000 ---p 00000000 00:00 0 
7fc7c81fd000-7fc7c8201000 ---p 00000000 00:00 0 
7fc7c8201000-7fc7c82fd000 rw-p 00000000 00:00 0 
7fc7c82fd000-7fc7c82fe000 ---p 00000000 00:00 0 
7fc7c82fe000-7fc7c8302000 ---p 00000000 00:00 0 
7fc7c8302000-7fc7c83fe000 rw-p 00000000 00:00 0 
7fc7c83fe000-7fc7c83ff000 ---p 00000000 00:00 0 
7fc7c83ff000-7fc7c8403000 ---p 00000000 00:00 0 
7fc7c8403000-7fc7c84ff000 rw-p 00000000 00:00 0 
7fc7c84ff000-7fc7c8500000 ---p 00000000 00:00 0 
7fc7c8500000-7fc7c8504000 ---p 00000000 00:00 0 
7fc7c8504000-7fc7c8600000 rw-p 00000000 00:00 0 
7fc7c8600000-7fc7c8653000 r-xp 00000000 fe:00 1031                       /root/.gradle/native/100fb08df4bc3b14c8652ba06237920a3bd2aa13389f12d3474272988ae205f9/linux-amd64/libnative-platform-file-events.so
7fc7c8653000-7fc7c8852000 ---p 00053000 fe:00 1031                       /root/.gradle/native/100fb08df4bc3b14c8652ba06237920a3bd2aa13389f12d3474272988ae205f9/linux-amd64/libnative-platform-file-events.so
7fc7c8852000-7fc7c8853000 r--p 00052000 fe:00 1031                       /root/.gradle/native/100fb08df4bc3b14c8652ba06237920a3bd2aa13389f12d3474272988ae205f9/linux-amd64/libnative-platform-file-events.so
7fc7c8853000-7fc7c8855000 rw-p 00053000 fe:00 1031                       /root/.gradle/native/100fb08df4bc3b14c8652ba06237920a3bd2aa13389f12d3474272988ae205f9/linux-amd64/libnative-platform-file-events.so
7fc7c88ff000-7fc7c8900000 ---p 00000000 00:00 0 
7fc7c8900000-7fc7c8904000 ---p 00000000 00:00 0 
7fc7c8904000-7fc7c8a00000 rw-p 00000000 00:00 0 
7fc7c8a00000-7fc7c8a05000 r-xp 00000000 fe:00 1020                       /root/.gradle/native/c067742578af261105cb4f569cf0c3c89f3d7b1fecec35dd04571415982c5e48/linux-amd64/libnative-platform.so
7fc7c8a05000-7fc7c8c05000 ---p 00005000 fe:00 1020                       /root/.gradle/native/c067742578af261105cb4f569cf0c3c89f3d7b1fecec35dd04571415982c5e48/linux-amd64/libnative-platform.so
7fc7c8c05000-7fc7c8c06000 r--p 00005000 fe:00 1020                       /root/.gradle/native/c067742578af261105cb4f569cf0c3c89f3d7b1fecec35dd04571415982c5e48/linux-amd64/libnative-platform.so
7fc7c8c06000-7fc7c8c07000 rw-p 00006000 fe:00 1020                       /root/.gradle/native/c067742578af261105cb4f569cf0c3c89f3d7b1fecec35dd04571415982c5e48/linux-amd64/libnative-platform.so
7fc7c8c44000-7fc7c8c45000 ---p 00000000 00:00 0 
7fc7c8c45000-7fc7c8d45000 rw-p 00000000 00:00 0 
7fc7c8d45000-7fc7c8d46000 ---p 00000000 00:00 0 
7fc7c8d46000-7fc7c8e46000 rw-p 00000000 00:00 0 
7fc7c8e46000-7fc7c8e47000 ---p 00000000 00:00 0 
7fc7c8e47000-7fc7c8e4b000 ---p 00000000 00:00 0 
7fc7c8e4b000-7fc7c8f47000 rw-p 00000000 00:00 0 
7fc7c8f47000-7fc7c8f48000 ---p 00000000 00:00 0 
7fc7c8f48000-7fc7c8f4c000 ---p 00000000 00:00 0 
7fc7c8f4c000-7fc7c9048000 rw-p 00000000 00:00 0 
7fc7c9048000-7fc7c9049000 ---p 00000000 00:00 0 
7fc7c9049000-7fc7c904d000 ---p 00000000 00:00 0 
7fc7c904d000-7fc7c9149000 rw-p 00000000 00:00 0 
7fc7c9149000-7fc7c914a000 ---p 00000000 00:00 0 
7fc7c914a000-7fc7c914e000 ---p 00000000 00:00 0 
7fc7c914e000-7fc7c924a000 rw-p 00000000 00:00 0 
7fc7c924a000-7fc7c924b000 ---p 00000000 00:00 0 
7fc7c924b000-7fc7c924f000 ---p 00000000 00:00 0 
7fc7c924f000-7fc7c934b000 rw-p 00000000 00:00 0 
7fc7c934b000-7fc7c934c000 ---p 00000000 00:00 0 
7fc7c934c000-7fc7c9350000 ---p 00000000 00:00 0 
7fc7c9350000-7fc7c944c000 rw-p 00000000 00:00 0 
7fc7c944c000-7fc7c944d000 ---p 00000000 00:00 0 
7fc7c944d000-7fc7c9451000 ---p 00000000 00:00 0 
7fc7c9451000-7fc7c954d000 rw-p 00000000 00:00 0 
7fc7c954d000-7fc7ca00d000 rwxp 00000000 00:00 0 
7fc7ca00d000-7fc7d0a85000 ---p 00000000 00:00 0 
7fc7d0a85000-7fc7d0cf5000 rwxp 00000000 00:00 0 
7fc7d0cf5000-7fc7d1014000 ---p 00000000 00:00 0 
7fc7d1014000-7fc7d1504000 rwxp 00000000 00:00 0 
7fc7d1504000-7fc7d854d000 ---p 00000000 00:00 0 
7fc7d854d000-7fc7e0000000 r--s 00000000 00:25 13833                      /usr/lib/jvm/java-17-openjdk-amd64/lib/modules
7fc7e0000000-7fc7e11da000 rw-p 00000000 00:00 0 
7fc7e11da000-7fc7e4000000 ---p 00000000 00:00 0 
7fc7e4042000-7fc7e4043000 r--p 00000000 00:25 13802                      /usr/lib/jvm/java-17-openjdk-amd64/lib/libextnet.so
7fc7e4043000-7fc7e4044000 r-xp 00001000 00:25 13802                      /usr/lib/jvm/java-17-openjdk-amd64/lib/libextnet.so
7fc7e4044000-7fc7e4045000 r--p 00002000 00:25 13802                      /usr/lib/jvm/java-17-openjdk-amd64/lib/libextnet.so
7fc7e4045000-7fc7e4046000 r--p 00002000 00:25 13802                      /usr/lib/jvm/java-17-openjdk-amd64/lib/libextnet.so
7fc7e4046000-7fc7e4047000 rw-p 00003000 00:25 13802                      /usr/lib/jvm/java-17-openjdk-amd64/lib/libextnet.so
7fc7e4047000-7fc7e4049000 r--p 00000000 00:25 13821                      /usr/lib/jvm/java-17-openjdk-amd64/lib/libmanagement_ext.so
7fc7e4049000-7fc7e404c000 r-xp 00002000 00:25 13821                      /usr/lib/jvm/java-17-openjdk-amd64/lib/libmanagement_ext.so
7fc7e404c000-7fc7e404d000 r--p 00005000 00:25 13821                      /usr/lib/jvm/java-17-openjdk-amd64/lib/libmanagement_ext.so
7fc7e404d000-7fc7e404e000 r--p 00006000 00:25 13821                      /usr/lib/jvm/java-17-openjdk-amd64/lib/libmanagement_ext.so
7fc7e404e000-7fc7e404f000 rw-p 00007000 00:25 13821                      /usr/lib/jvm/java-17-openjdk-amd64/lib/libmanagement_ext.so
7fc7e404f000-7fc7e4050000 r--p 00000000 00:25 18147                      /usr/lib/x86_64-linux-gnu/libpthread.so.0
7fc7e4050000-7fc7e4051000 r-xp 00001000 00:25 18147                      /usr/lib/x86_64-linux-gnu/libpthread.so.0
7fc7e4051000-7fc7e4052000 r--p 00002000 00:25 18147                      /usr/lib/x86_64-linux-gnu/libpthread.so.0
7fc7e4052000-7fc7e4053000 r--p 00002000 00:25 18147                      /usr/lib/x86_64-linux-gnu/libpthread.so.0
7fc7e4053000-7fc7e4054000 rw-p 00003000 00:25 18147                      /usr/lib/x86_64-linux-gnu/libpthread.so.0
7fc7e4054000-7fc7e4058000 r--p 00000000 00:25 13831                      /usr/lib/jvm/java-17-openjdk-amd64/lib/libverify.so
7fc7e4058000-7fc7e405f000 r-xp 00004000 00:25 13831                      /usr/lib/jvm/java-17-openjdk-amd64/lib/libverify.so
7fc7e405f000-7fc7e4061000 r--p 0000b000 00:25 13831                      /usr/lib/jvm/java-17-openjdk-amd64/lib/libverify.so
7fc7e4061000-7fc7e4063000 r--p 0000c000 00:25 13831                      /usr/lib/jvm/java-17-openjdk-amd64/lib/libverify.so
7fc7e4063000-7fc7e4064000 rw-p 0000e000 00:25 13831                      /usr/lib/jvm/java-17-openjdk-amd64/lib/libverify.so
7fc7e4064000-7fc7e4068000 r--p 00000000 00:25 13823                      /usr/lib/jvm/java-17-openjdk-amd64/lib/libnet.so
7fc7e4068000-7fc7e4076000 r-xp 00004000 00:25 13823                      /usr/lib/jvm/java-17-openjdk-amd64/lib/libnet.so
7fc7e4076000-7fc7e407a000 r--p 00012000 00:25 13823                      /usr/lib/jvm/java-17-openjdk-amd64/lib/libnet.so
7fc7e407a000-7fc7e407b000 r--p 00015000 00:25 13823                      /usr/lib/jvm/java-17-openjdk-amd64/lib/libnet.so
7fc7e407b000-7fc7e407c000 rw-p 00016000 00:25 13823                      /usr/lib/jvm/java-17-openjdk-amd64/lib/libnet.so
7fc7e407c000-7fc7e407d000 ---p 00000000 00:00 0 
7fc7e407d000-7fc7e4081000 ---p 00000000 00:00 0 
7fc7e4081000-7fc7e417d000 rw-p 00000000 00:00 0 
7fc7e417d000-7fc7e41d4000 r--p 00000000 00:25 13882                      /usr/lib/locale/C.utf8/LC_CTYPE
7fc7e41d4000-7fc7e41d5000 ---p 00000000 00:00 0 
7fc7e41d5000-7fc7e41d9000 ---p 00000000 00:00 0 
7fc7e41d9000-7fc7e42d5000 rw-p 00000000 00:00 0 
7fc7e42d5000-7fc7e42d6000 ---p 00000000 00:00 0 
7fc7e42d6000-7fc7e42da000 ---p 00000000 00:00 0 
7fc7e42da000-7fc7e43d6000 rw-p 00000000 00:00 0 
7fc7e43d6000-7fc7e43d7000 ---p 00000000 00:00 0 
7fc7e43d7000-7fc7e44d7000 rw-p 00000000 00:00 0 
7fc7e44d7000-7fc7e44dc000 r--p 00000000 00:25 13817                      /usr/lib/jvm/java-17-openjdk-amd64/lib/libjsvml.so
7fc7e44dc000-7fc7e451d000 r-xp 00005000 00:25 13817                      /usr/lib/jvm/java-17-openjdk-amd64/lib/libjsvml.so
7fc7e451d000-7fc7e45a6000 r--p 00046000 00:25 13817                      /usr/lib/jvm/java-17-openjdk-amd64/lib/libjsvml.so
7fc7e45a6000-7fc7e45a7000 r--p 000ce000 00:25 13817                      /usr/lib/jvm/java-17-openjdk-amd64/lib/libjsvml.so
7fc7e45a7000-7fc7e45a8000 rw-p 000cf000 00:25 13817                      /usr/lib/jvm/java-17-openjdk-amd64/lib/libjsvml.so
7fc7e45a8000-7fc7e4fce000 rw-p 00000000 00:00 0 
7fc7e4fd2000-7fc7e4fd4000 r--p 00000000 00:25 13819                      /usr/lib/jvm/java-17-openjdk-amd64/lib/libmanagement.so
7fc7e4fd4000-7fc7e4fd5000 r-xp 00002000 00:25 13819                      /usr/lib/jvm/java-17-openjdk-amd64/lib/libmanagement.so
7fc7e4fd5000-7fc7e4fd6000 r--p 00003000 00:25 13819                      /usr/lib/jvm/java-17-openjdk-amd64/lib/libmanagement.so
7fc7e4fd6000-7fc7e4fd7000 r--p 00003000 00:25 13819                      /usr/lib/jvm/java-17-openjdk-amd64/lib/libmanagement.so
7fc7e4fd7000-7fc7e4fd8000 rw-p 00004000 00:25 13819                      /usr/lib/jvm/java-17-openjdk-amd64/lib/libmanagement.so
7fc7e4fd8000-7fc7e4fde000 r--p 00000000 00:25 13824                      /usr/lib/jvm/java-17-openjdk-amd64/lib/libnio.so
7fc7e4fde000-7fc7e4fe7000 r-xp 00006000 00:25 13824                      /usr/lib/jvm/java-17-openjdk-amd64/lib/libnio.so
7fc7e4fe7000-7fc7e4feb000 r--p 0000f000 00:25 13824                      /usr/lib/jvm/java-17-openjdk-amd64/lib/libnio.so
7fc7e4feb000-7fc7e4fec000 r--p 00013000 00:25 13824                      /usr/lib/jvm/java-17-openjdk-amd64/lib/libnio.so
7fc7e4fec000-7fc7e4fed000 rw-p 00014000 00:25 13824                      /usr/lib/jvm/java-17-openjdk-amd64/lib/libnio.so
7fc7e4fed000-7fc7e4fef000 r--p 00000000 00:25 13832                      /usr/lib/jvm/java-17-openjdk-amd64/lib/libzip.so
7fc7e4fef000-7fc7e4ff3000 r-xp 00002000 00:25 13832                      /usr/lib/jvm/java-17-openjdk-amd64/lib/libzip.so
7fc7e4ff3000-7fc7e4ff5000 r--p 00006000 00:25 13832                      /usr/lib/jvm/java-17-openjdk-amd64/lib/libzip.so
7fc7e4ff5000-7fc7e4ff6000 r--p 00007000 00:25 13832                      /usr/lib/jvm/java-17-openjdk-amd64/lib/libzip.so
7fc7e4ff6000-7fc7e4ff7000 rw-p 00008000 00:25 13832                      /usr/lib/jvm/java-17-openjdk-amd64/lib/libzip.so
7fc7e4ff7000-7fc7e4ff8000 r--p 00000000 00:25 13888                      /usr/lib/locale/C.utf8/LC_NUMERIC
7fc7e4ff8000-7fc7e4ff9000 r--p 00000000 00:25 13891                      /usr/lib/locale/C.utf8/LC_TIME
7fc7e4ff9000-7fc7e4ffa000 r--p 00000000 00:25 13881                      /usr/lib/locale/C.utf8/LC_COLLATE
7fc7e4ffa000-7fc7e4ffb000 r--p 00000000 00:25 13886                      /usr/lib/locale/C.utf8/LC_MONETARY
7fc7e4ffb000-7fc7e4ffc000 r--p 00000000 00:25 13885                      /usr/lib/locale/C.utf8/LC_MESSAGES/SYS_LC_MESSAGES
7fc7e4ffc000-7fc7e4ffd000 r--p 00000000 00:25 13889                      /usr/lib/locale/C.utf8/LC_PAPER
7fc7e4ffd000-7fc7e4ffe000 r--p 00000000 00:25 13887                      /usr/lib/locale/C.utf8/LC_NAME
7fc7e4ffe000-7fc7e5005000 r--s 00000000 00:25 17572                      /usr/lib/x86_64-linux-gnu/gconv/gconv-modules.cache
7fc7e5005000-7fc7e586e000 rw-p 00000000 00:00 0 
7fc7e586e000-7fc7e5dab000 ---p 00000000 00:00 0 
7fc7e5dab000-7fc7e5dac000 ---p 00000000 00:00 0 
7fc7e5dac000-7fc7e5ec5000 rw-p 00000000 00:00 0 
7fc7e5ec5000-7fc7e6401000 ---p 00000000 00:00 0 
7fc7e6401000-7fc7e64e2000 rw-p 00000000 00:00 0 
7fc7e64e2000-7fc7e66ac000 ---p 00000000 00:00 0 
7fc7e66ac000-7fc7e66b7000 rw-p 00000000 00:00 0 
7fc7e66b7000-7fc7e6798000 ---p 00000000 00:00 0 
7fc7e6798000-7fc7e67ae000 rw-p 00000000 00:00 0 
7fc7e67ae000-7fc7e6883000 ---p 00000000 00:00 0 
7fc7e6883000-7fc7e6888000 rw-p 00000000 00:00 0 
7fc7e6888000-7fc7e688f000 ---p 00000000 00:00 0 
7fc7e688f000-7fc7e6897000 rw-s 00000000 fe:00 1665                       /tmp/hsperfdata_root/1358
7fc7e6897000-7fc7e68a3000 r--p 00000000 00:25 13809                      /usr/lib/jvm/java-17-openjdk-amd64/lib/libjava.so
7fc7e68a3000-7fc7e68b4000 r-xp 0000c000 00:25 13809                      /usr/lib/jvm/java-17-openjdk-amd64/lib/libjava.so
7fc7e68b4000-7fc7e68ba000 r--p 0001d000 00:25 13809                      /usr/lib/jvm/java-17-openjdk-amd64/lib/libjava.so
7fc7e68ba000-7fc7e68bb000 r--p 00022000 00:25 13809                      /usr/lib/jvm/java-17-openjdk-amd64/lib/libjava.so
7fc7e68bb000-7fc7e68bc000 rw-p 00023000 00:25 13809                      /usr/lib/jvm/java-17-openjdk-amd64/lib/libjava.so
7fc7e68bc000-7fc7e68bd000 rw-p 00000000 00:00 0 
7fc7e68bd000-7fc7e68be000 r--p 00000000 00:25 13804                      /usr/lib/jvm/java-17-openjdk-amd64/lib/libinstrument.so
7fc7e68be000-7fc7e68c4000 r-xp 00001000 00:25 13804                      /usr/lib/jvm/java-17-openjdk-amd64/lib/libinstrument.so
7fc7e68c4000-7fc7e68c7000 r--p 00007000 00:25 13804                      /usr/lib/jvm/java-17-openjdk-amd64/lib/libinstrument.so
7fc7e68c7000-7fc7e68c8000 r--p 00009000 00:25 13804                      /usr/lib/jvm/java-17-openjdk-amd64/lib/libinstrument.so
7fc7e68c8000-7fc7e68c9000 rw-p 0000a000 00:25 13804                      /usr/lib/jvm/java-17-openjdk-amd64/lib/libinstrument.so
7fc7e68c9000-7fc7e68cb000 r--p 00000000 00:25 13813                      /usr/lib/jvm/java-17-openjdk-amd64/lib/libjimage.so
7fc7e68cb000-7fc7e68ce000 r-xp 00002000 00:25 13813                      /usr/lib/jvm/java-17-openjdk-amd64/lib/libjimage.so
7fc7e68ce000-7fc7e68cf000 r--p 00005000 00:25 13813                      /usr/lib/jvm/java-17-openjdk-amd64/lib/libjimage.so
7fc7e68cf000-7fc7e68d0000 r--p 00006000 00:25 13813                      /usr/lib/jvm/java-17-openjdk-amd64/lib/libjimage.so
7fc7e68d0000-7fc7e68d1000 rw-p 00007000 00:25 13813                      /usr/lib/jvm/java-17-openjdk-amd64/lib/libjimage.so
7fc7e68d1000-7fc7e68d5000 ---p 00000000 00:00 0 
7fc7e68d5000-7fc7e69d1000 rw-p 00000000 00:00 0 
7fc7e69d1000-7fc7e69d4000 r--p 00000000 00:25 17958                      /usr/lib/x86_64-linux-gnu/libgcc_s.so.1
7fc7e69d4000-7fc7e69eb000 r-xp 00003000 00:25 17958                      /usr/lib/x86_64-linux-gnu/libgcc_s.so.1
7fc7e69eb000-7fc7e69ef000 r--p 0001a000 00:25 17958                      /usr/lib/x86_64-linux-gnu/libgcc_s.so.1
7fc7e69ef000-7fc7e69f0000 r--p 0001d000 00:25 17958                      /usr/lib/x86_64-linux-gnu/libgcc_s.so.1
7fc7e69f0000-7fc7e69f1000 rw-p 0001e000 00:25 17958                      /usr/lib/x86_64-linux-gnu/libgcc_s.so.1
7fc7e69f1000-7fc7e6a01000 r--p 00000000 00:25 18057                      /usr/lib/x86_64-linux-gnu/libm.so.6
7fc7e6a01000-7fc7e6a75000 r-xp 00010000 00:25 18057                      /usr/lib/x86_64-linux-gnu/libm.so.6
7fc7e6a75000-7fc7e6acf000 r--p 00084000 00:25 18057                      /usr/lib/x86_64-linux-gnu/libm.so.6
7fc7e6acf000-7fc7e6ad0000 r--p 000dd000 00:25 18057                      /usr/lib/x86_64-linux-gnu/libm.so.6
7fc7e6ad0000-7fc7e6ad1000 rw-p 000de000 00:25 18057                      /usr/lib/x86_64-linux-gnu/libm.so.6
7fc7e6ad1000-7fc7e6b6a000 r--p 00000000 00:25 18224                      /usr/lib/x86_64-linux-gnu/libstdc++.so.6.0.30
7fc7e6b6a000-7fc7e6c6b000 r-xp 00099000 00:25 18224                      /usr/lib/x86_64-linux-gnu/libstdc++.so.6.0.30
7fc7e6c6b000-7fc7e6cda000 r--p 0019a000 00:25 18224                      /usr/lib/x86_64-linux-gnu/libstdc++.so.6.0.30
7fc7e6cda000-7fc7e6ce5000 r--p 00209000 00:25 18224                      /usr/lib/x86_64-linux-gnu/libstdc++.so.6.0.30
7fc7e6ce5000-7fc7e6ce8000 rw-p 00214000 00:25 18224                      /usr/lib/x86_64-linux-gnu/libstdc++.so.6.0.30
7fc7e6ce8000-7fc7e6ceb000 rw-p 00000000 00:00 0 
7fc7e6ceb000-7fc7e6f3c000 r--p 00000000 00:25 13845                      /usr/lib/jvm/java-17-openjdk-amd64/lib/server/libjvm.so
7fc7e6f3c000-7fc7e7c8e000 r-xp 00251000 00:25 13845                      /usr/lib/jvm/java-17-openjdk-amd64/lib/server/libjvm.so
7fc7e7c8e000-7fc7e7f0f000 r--p 00fa3000 00:25 13845                      /usr/lib/jvm/java-17-openjdk-amd64/lib/server/libjvm.so
7fc7e7f0f000-7fc7e7fc7000 r--p 01224000 00:25 13845                      /usr/lib/jvm/java-17-openjdk-amd64/lib/server/libjvm.so
7fc7e7fc7000-7fc7e7ffc000 rw-p 012dc000 00:25 13845                      /usr/lib/jvm/java-17-openjdk-amd64/lib/server/libjvm.so
7fc7e7ffc000-7fc7e8058000 rw-p 00000000 00:00 0 
7fc7e8058000-7fc7e807e000 r--p 00000000 00:25 17847                      /usr/lib/x86_64-linux-gnu/libc.so.6
7fc7e807e000-7fc7e81d4000 r-xp 00026000 00:25 17847                      /usr/lib/x86_64-linux-gnu/libc.so.6
7fc7e81d4000-7fc7e8227000 r--p 0017c000 00:25 17847                      /usr/lib/x86_64-linux-gnu/libc.so.6
7fc7e8227000-7fc7e822b000 r--p 001cf000 00:25 17847                      /usr/lib/x86_64-linux-gnu/libc.so.6
7fc7e822b000-7fc7e822d000 rw-p 001d3000 00:25 17847                      /usr/lib/x86_64-linux-gnu/libc.so.6
7fc7e822d000-7fc7e823a000 rw-p 00000000 00:00 0 
7fc7e823a000-7fc7e823c000 r--p 00000000 00:25 13814                      /usr/lib/jvm/java-17-openjdk-amd64/lib/libjli.so
7fc7e823c000-7fc7e8245000 r-xp 00002000 00:25 13814                      /usr/lib/jvm/java-17-openjdk-amd64/lib/libjli.so
7fc7e8245000-7fc7e8248000 r--p 0000b000 00:25 13814                      /usr/lib/jvm/java-17-openjdk-amd64/lib/libjli.so
7fc7e8248000-7fc7e8249000 r--p 0000d000 00:25 13814                      /usr/lib/jvm/java-17-openjdk-amd64/lib/libjli.so
7fc7e8249000-7fc7e824a000 rw-p 0000e000 00:25 13814                      /usr/lib/jvm/java-17-openjdk-amd64/lib/libjli.so
7fc7e824a000-7fc7e824d000 r--p 00000000 00:25 1006                       /usr/lib/x86_64-linux-gnu/libz.so.1.2.13
7fc7e824d000-7fc7e8260000 r-xp 00003000 00:25 1006                       /usr/lib/x86_64-linux-gnu/libz.so.1.2.13
7fc7e8260000-7fc7e8267000 r--p 00016000 00:25 1006                       /usr/lib/x86_64-linux-gnu/libz.so.1.2.13
7fc7e8267000-7fc7e8268000 r--p 0001c000 00:25 1006                       /usr/lib/x86_64-linux-gnu/libz.so.1.2.13
7fc7e8268000-7fc7e8269000 rw-p 0001d000 00:25 1006                       /usr/lib/x86_64-linux-gnu/libz.so.1.2.13
7fc7e8269000-7fc7e826a000 r--p 00000000 00:25 13880                      /usr/lib/locale/C.utf8/LC_ADDRESS
7fc7e826a000-7fc7e826b000 r--p 00000000 00:25 13890                      /usr/lib/locale/C.utf8/LC_TELEPHONE
7fc7e826b000-7fc7e826c000 r--p 00000000 00:25 13884                      /usr/lib/locale/C.utf8/LC_MEASUREMENT
7fc7e826c000-7fc7e826d000 r--p 00000000 00:25 13883                      /usr/lib/locale/C.utf8/LC_IDENTIFICATION
7fc7e826d000-7fc7e826e000 ---p 00000000 00:00 0 
7fc7e826e000-7fc7e826f000 r--p 00000000 00:00 0 
7fc7e826f000-7fc7e8270000 ---p 00000000 00:00 0 
7fc7e8270000-7fc7e8272000 rw-p 00000000 00:00 0 
7fc7e8272000-7fc7e8273000 r--p 00000000 00:25 17633                      /usr/lib/x86_64-linux-gnu/ld-linux-x86-64.so.2
7fc7e8273000-7fc7e8299000 r-xp 00001000 00:25 17633                      /usr/lib/x86_64-linux-gnu/ld-linux-x86-64.so.2
7fc7e8299000-7fc7e82a3000 r--p 00027000 00:25 17633                      /usr/lib/x86_64-linux-gnu/ld-linux-x86-64.so.2
7fc7e82a3000-7fc7e82a5000 r--p 00031000 00:25 17633                      /usr/lib/x86_64-linux-gnu/ld-linux-x86-64.so.2
7fc7e82a5000-7fc7e82a7000 rw-p 00033000 00:25 17633                      /usr/lib/x86_64-linux-gnu/ld-linux-x86-64.so.2
7ffed6b0f000-7ffed6b30000 rw-p 00000000 00:00 0                          [stack]
7ffed6bb1000-7ffed6bb4000 r--p 00000000 00:00 0                          [vvar]
7ffed6bb4000-7ffed6bb6000 r-xp 00000000 00:00 0                          [vdso]
ffffffffff600000-ffffffffff601000 r-xp 00000000 00:00 0                  [vsyscall]


VM Arguments:
jvm_args: -XX:+UseParallelGC --add-opens=java.base/java.util=ALL-UNNAMED --add-opens=java.base/java.lang=ALL-UNNAMED --add-opens=java.base/java.lang.invoke=ALL-UNNAMED --add-opens=java.prefs/java.util.prefs=ALL-UNNAMED --add-opens=java.base/java.nio.charset=ALL-UNNAMED --add-opens=java.base/java.net=ALL-UNNAMED --add-opens=java.base/java.util.concurrent.atomic=ALL-UNNAMED -Xmx4096m -Dfile.encoding=UTF-8 -Duser.country -Duser.language=en -Duser.variant -javaagent:/root/.gradle/wrapper/dists/gradle-8.8-bin/dl7vupf4psengwqhwktix4v1/gradle-8.8/lib/agents/gradle-instrumentation-agent-8.8.jar 
java_command: org.gradle.launcher.daemon.bootstrap.GradleDaemon 8.8
java_class_path (initial): /root/.gradle/wrapper/dists/gradle-8.8-bin/dl7vupf4psengwqhwktix4v1/gradle-8.8/lib/gradle-launcher-8.8.jar
Launcher Type: SUN_STANDARD

[Global flags]
     intx CICompilerCount                          = 2                                         {product} {ergonomic}
   size_t InitialHeapSize                          = 16777216                                  {product} {ergonomic}
   size_t MaxHeapSize                              = 4294967296                                {product} {command line}
   size_t MaxNewSize                               = 1431306240                                {product} {ergonomic}
   size_t MinHeapDeltaBytes                        = 524288                                    {product} {ergonomic}
   size_t MinHeapSize                              = 8388608                                   {product} {ergonomic}
   size_t NewSize                                  = 5242880                                   {product} {ergonomic}
    uintx NonNMethodCodeHeapSize                   = 5826188                                {pd product} {ergonomic}
    uintx NonProfiledCodeHeapSize                  = 122916026                              {pd product} {ergonomic}
   size_t OldSize                                  = 11534336                                  {product} {ergonomic}
    uintx ProfiledCodeHeapSize                     = 122916026                              {pd product} {ergonomic}
    uintx ReservedCodeCacheSize                    = 251658240                              {pd product} {ergonomic}
     bool SegmentedCodeCache                       = true                                      {product} {ergonomic}
   size_t SoftMaxHeapSize                          = 4294967296                             {manageable} {ergonomic}
     bool UseCompressedClassPointers               = true                           {product lp64_product} {ergonomic}
     bool UseCompressedOops                        = true                           {product lp64_product} {ergonomic}
     bool UseParallelGC                            = true                                      {product} {command line}

Logging:
Log output configuration:
 #0: stdout all=warning uptime,level,tags
 #1: stderr all=off uptime,level,tags

Environment Variables:
PATH=/usr/local/sbin:/usr/local/bin:/usr/sbin:/usr/bin:/sbin:/bin
SHELL=/bin/bash
LANG=C.UTF-8
LC_ALL=C.UTF-8
TERM=tmux-256color

Active Locale:
LC_ALL=C.UTF-8
LC_COLLATE=C.UTF-8
LC_CTYPE=C.UTF-8
LC_MESSAGES=C.UTF-8
LC_MONETARY=C.UTF-8
LC_NUMERIC=C.UTF-8
LC_TIME=C.UTF-8

Signal Handlers:
   SIGSEGV: crash_handler in libjvm.so, mask=11100100010111111101111111111110, flags=SA_RESTART|SA_SIGINFO, unblocked
    SIGBUS: crash_handler in libjvm.so, mask=11100100010111111101111111111110, flags=SA_RESTART|SA_SIGINFO, unblocked
    SIGFPE: crash_handler in libjvm.so, mask=11100100010111111101111111111110, flags=SA_RESTART|SA_SIGINFO, unblocked
   SIGPIPE: javaSignalHandler in libjvm.so, mask=11100100010111111101111111111110, flags=SA_RESTART|SA_SIGINFO, unblocked
   SIGXFSZ: javaSignalHandler in libjvm.so, mask=11100100010111111101111111111110, flags=SA_RESTART|SA_SIGINFO, unblocked
    SIGILL: crash_handler in libjvm.so, mask=11100100010111111101111111111110, flags=SA_RESTART|SA_SIGINFO, unblocked
   SIGUSR2: SR_handler in libjvm.so, mask=00100000000000000000000000000000, flags=SA_RESTART|SA_SIGINFO, unblocked
    SIGHUP: UserHandler in libjvm.so, mask=11100100010111111101111111111110, flags=SA_RESTART|SA_SIGINFO, unblocked
    SIGINT: UserHandler in libjvm.so, mask=11100100010111111101111111111110, flags=SA_RESTART|SA_SIGINFO, unblocked
   SIGTERM: UserHandler in libjvm.so, mask=11100100010111111101111111111110, flags=SA_RESTART|SA_SIGINFO, unblocked
   SIGQUIT: UserHandler in libjvm.so, mask=11100100010111111101111111111110, flags=SA_RESTART|SA_SIGINFO, blocked
   SIGTRAP: crash_handler in libjvm.so, mask=11100100010111111101111111111110, flags=SA_RESTART|SA_SIGINFO, unblocked


Periodic native trim disabled


---------------  S Y S T E M  ---------------

OS:
PRETTY_NAME="Debian GNU/Linux 12 (bookworm)"
NAME="Debian GNU/Linux"
VERSION_ID="12"
VERSION="12 (bookworm)"
VERSION_CODENAME=bookworm
ID=debian
HOME_URL="https://www.debian.org/"
SUPPORT_URL="https://www.debian.org/support"
BUG_REPORT_URL="https://bugs.debian.org/"
uname: Linux 4.19.91-c8dfc93.al7.x86_64 #1 SMP Tue Sep 26 10:25:51 UTC 2023 x86_64
OS uptime: 0 days 0:40 hours
libc: glibc 2.36 NPTL 2.36 
rlimit (soft/hard): STACK 8192k/infinity , CORE 0k/0k , NPROC 100000/100000 , NOFILE 100000/100000 , AS infinity/infinity , CPU infinity/infinity , DATA infinity/infinity , FSIZE infinity/infinity , MEMLOCK 64k/64k
load average: 2.02 1.39 0.63

/proc/meminfo:
MemTotal:        1083460 kB
MemFree:           22964 kB
MemAvailable:          0 kB
Buffers:             116 kB
Cached:             7404 kB
SwapCached:            0 kB
Active:          1006676 kB
Inactive:           3840 kB
Active(anon):    1003176 kB
Inactive(anon):       20 kB
Active(file):       3500 kB
Inactive(file):     3820 kB
Unevictable:           0 kB
Mlocked:               0 kB
SwapTotal:             0 kB
SwapFree:              0 kB
Dirty:               164 kB
Writeback:             0 kB
AnonPages:       1003160 kB
Mapped:             5916 kB
Shmem:                36 kB
Slab:              20740 kB
SReclaimable:       9480 kB
SUnreclaim:        11260 kB
KernelStack:        2176 kB
PageTables:         3328 kB
NFS_Unstable:          0 kB
Bounce:                0 kB
WritebackTmp:          0 kB
CommitLimit:      541728 kB
Committed_AS:    1350516 kB
VmallocTotal:   34359738367 kB
VmallocUsed:           0 kB
VmallocChunk:          0 kB
Percpu:              400 kB
AnonHugePages:    245760 kB
ShmemHugePages:        0 kB
ShmemPmdMapped:        0 kB
HugePages_Total:       0
HugePages_Free:        0
HugePages_Rsvd:        0
HugePages_Surp:        0
Hugepagesize:       2048 kB
Hugetlb:               0 kB
DirectMap4k:        8192 kB
DirectMap2M:     1474560 kB
DirectMap1G:           0 kB

/sys/kernel/mm/transparent_hugepage/enabled: [always] madvise never
/sys/kernel/mm/transparent_hugepage/hpage_pmd_size: 2097152
/sys/kernel/mm/transparent_hugepage/defrag (defrag/compaction efforts parameter): always defer defer+madvise madvise [never]

Process Memory:
Virtual Size: 7036544K (peak: 7036608K)
Resident Set Size: 678716K (peak: 678716K) (anon: 678716K, file: 0K, shmem: 0K)
Swapped out: 0K
C-Heap outstanding allocations: 63029K, retained: 35114K
glibc malloc tunables: (default)

/proc/sys/kernel/threads-max (system-wide limit on the number of threads): 1129
/proc/sys/vm/max_map_count (maximum number of memory map areas a process may have): 65530
/proc/sys/vm/swappiness (control to define how aggressively the kernel swaps out anonymous memory): 60
/proc/sys/kernel/pid_max (system-wide limit on number of process identifiers): 32768

container (cgroup) information:
container_type: cgroupv1
cpu_cpuset_cpus: 0-1
cpu_memory_nodes: 0
active_processor_count: 2
cpu_quota: no quota
cpu_period: 100000
cpu_shares: 6146
memory_limit_in_bytes: 1048576 k
memory_and_swap_limit_in_bytes: unlimited
memory_soft_limit_in_bytes: unlimited
memory_usage_in_bytes: 1017360 k
memory_max_usage_in_bytes: 1018336 k
kernel_memory_limit_in_bytes: unlimited
kernel_memory_usage_in_bytes: 13960 k
kernel_memory_max_usage_in_bytes: 36104 k
maximum number of tasks: unlimited
current number of tasks: 62

KVM virtualization detected
Steal ticks since vm start: 13359
Steal ticks percentage since vm start:  0.642

CPU: total 2 (initial active 2) (2 cores per cpu, 1 threads per core) family 6 model 85 stepping 7 microcode 0x1, cx8, cmov, fxsr, mmx, 3dnowpref, sse, sse2, sse3, ssse3, sse4.1, sse4.2, popcnt, lzcnt, tsc, tscinvbit, avx, avx2, aes, erms, clmul, bmi1, bmi2, adx, avx512f, avx512dq, avx512cd, avx512bw, avx512vl, fma, vzeroupper, avx512_vnni, clflush, clflushopt, clwb, hv
CPU Model and flags from /proc/cpuinfo:
model name	: Intel(R) Xeon(R) Processor @ 2.50GHz
flags		: fpu vme de pse tsc msr pae mce cx8 apic sep mtrr pge mca cmov pat pse36 clflush mmx fxsr sse sse2 ss ht syscall nx pdpe1gb rdtscp lm constant_tsc rep_good nopl xtopology nonstop_tsc cpuid tsc_known_freq pni pclmulqdq ssse3 fma cx16 pcid sse4_1 sse4_2 x2apic movbe popcnt tsc_deadline_timer aes xsave avx f16c rdrand hypervisor lahf_lm abm 3dnowprefetch cpuid_fault invpcid_single ssbd ibrs ibpb stibp ibrs_enhanced fsgsbase tsc_adjust bmi1 avx2 smep bmi2 erms invpcid mpx avx512f avx512dq rdseed adx smap clflushopt clwb avx512cd avx512bw avx512vl xsaveopt xsavec xgetbv1 xsaves umip avx512_vnni md_clear arch_capabilities

Online cpus: 0-1
Offline cpus: 
BIOS frequency limitation: <Not Available>
Frequency switch latency (ns): <Not Available>
Available cpu frequencies: <Not Available>
Current governor: <Not Available>
Core performance/turbo boost: <Not Available>

Memory: 4k page, physical 1048576k(31288k free), swap 0k(0k free)
Page Sizes: 4k

vm_info: OpenJDK 64-Bit Server VM (17.0.16+8-Debian-1deb12u1) for linux-amd64 JRE (17.0.16+8-Debian-1deb12u1), built on Aug 11 2025 10:28:33 by "buildd" with gcc 12.2.0

END.
